ID,Name,lodRange,lod0ClusterType,lod1ClusterType,lod2ClusterType,pad0,distributionType,baseDensity,model0Name,flatTextureName,billboardTextureName,normalInfluence,inclinationMax,inclinationJitter,scaleBaseMin,scaleBaseMax,scaleHeightMin,scaleHeightMax,colorShade1_r,colorShade1_g,colorShade1_b,colorShade2_r,colorShade2_g,colorShade2_b,flatSplitType,flatBladeCount,flatSlant,flatRadius,castShadow,windAmplitude,pad1,windCycle,orientationAngle,orientationRange,spacing,dithering,pad,simpleModelName,model1Name,
2,,0,1,3,2,[0|0],0,1,AEG001_254,AET005_004_a,AET005_004_a,90,30,10,90,120,90,130,255,255,255,255,255,255,0,3,0,0,1,80,0,40,-1,-1,0,0,[0|0|0],,
3,,0,4,4,2,[0|0],0,1,AEG001_264,AET005_004_a,AET005_004_a,95,30,5,90,120,90,150,255,255,255,255,255,255,0,2,0,0,1,80,0,40,-1,-1,0,0,[0|0|0],AEG001_264,
4,,0,3,2,0,[0|0],0,1,AEG001_254,AET005_004_a,AET005_004_a,90,30,5,90,120,90,120,255,255,255,255,255,255,1,4,-30,0.4,1,80,0,40,-1,-1,0,0,[0|0|0],,
5,,0,3,2,0,[0|0],0,1,AEG001_254,AET005_004_a,AET005_004_a,90,30,5,90,120,90,120,255,255,255,255,255,255,1,3,30,0.4,1,80,0,40,-1,-1,0,0,[0|0|0],,
6,,0,1,2,0,[0|0],1,1,AEG001_254,AET005_004_a,AET005_004_a,90,30,5,90,120,90,120,255,255,255,255,255,255,0,2,0,0,1,80,0,40,-1,-1,2,0,[0|0|0],,
7,Green Grass,10,1,5,0,[0|0],0,1,AEG001_254,AET005_004_a,AET005_004_a,90,30,0,85,110,75,150,180,180,255,255,255,255,0,2,0,0,0,80,0,40,-1,-1,0,0,[0|0|0],AEG001_254,AEG001_255
8,Tall Green Grass Patches,11,1,5,0,[0|0],0,1,AEG001_245,AET005_004_a,AET005_004_a,90,30,0,60,110,20,105,180,180,100,255,255,255,0,2,0,0,0,80,0,40,-1,-1,0,0,[0|0|0],AEG001_284,AEG001_256
9,,2,1,2,0,[0|0],0,1,AEG001_266,AET005_004_a,AET005_004_a,90,30,0,95,105,95,105,255,255,255,255,255,255,0,2,0,0,0,80,0,40,-1,-1,0,0,[0|0|0],,
10,,0,1,2,0,[0|0],0,2,AEG001_267,AET005_031_a,AET005_031_a,98,5,0,65,100,65,100,255,255,255,255,255,255,0,2,0,0,0,80,0,40,-1,-1,0,0,[0|0|0],,
11,,0,1,2,0,[0|0],0,2,AEG001_268,AET005_031_a,AET005_031_a,98,5,0,65,100,65,100,255,255,255,255,255,255,0,2,0,0,0,80,0,40,-1,-1,0,0,[0|0|0],,
12,,0,1,2,0,[0|0],0,2,AEG001_269,AET005_031_a,AET005_031_a,100,0,0,65,100,65,100,255,255,255,255,255,255,0,2,0,0,0,80,0,40,-1,-1,0,0,[0|0|0],,
13,,0,1,2,0,[0|0],0,1,AEG001_270,AET005_031_a,AET005_031_a,100,30,5,65,100,65,100,255,255,255,255,255,255,0,2,0,0,0,80,0,40,-1,-1,0,0,[0|0|0],,
14,,0,1,2,0,[0|0],0,1,AEG001_271,AET005_031_a,AET005_031_a,100,30,5,65,100,65,100,255,255,255,255,255,255,0,2,0,0,0,80,0,40,-1,-1,0,0,[0|0|0],,
15,,0,1,2,0,[0|0],0,1,AEG001_272,AET005_031_a,AET005_031_a,100,30,5,65,100,65,100,255,255,255,255,255,255,0,2,0,0,0,80,0,40,-1,-1,0,0,[0|0|0],,
16,,0,1,2,0,[0|0],0,1,AEG001_273,AET005_031_a,AET005_031_a,100,30,5,65,100,65,100,255,255,255,255,255,255,0,2,0,0,0,80,0,40,-1,-1,0,0,[0|0|0],,
17,,0,1,2,0,[0|0],0,1,AEG001_274,AET005_007_a,AET005_013_a,100,30,5,65,85,65,85,255,255,255,255,255,255,0,2,0,0,0,80,0,40,-1,-1,0,0,[0|0|0],,
18,,0,1,2,0,[0|0],0,1,AEG001_275,AET005_008_a,AET005_014_a,100,30,5,65,80,65,80,255,255,255,255,255,255,0,2,0,0,0,80,0,40,-1,-1,0,0,[0|0|0],,
19,,0,1,2,0,[0|0],0,1,AEG001_276,AET005_006_a,AET005_031_a,100,30,5,65,100,65,100,255,255,255,255,255,255,0,2,0,0,0,80,0,40,-1,-1,0,0,[0|0|0],,
20,,0,1,2,0,[0|0],0,1,AEG001_278,AET005_007_a,AET005_013_a,100,30,5,65,85,65,85,255,255,255,255,255,255,0,2,0,0,0,80,0,40,-1,-1,0,0,[0|0|0],,
21,,0,1,2,0,[0|0],0,1,AEG001_279,AET005_008_a,AET005_014_a,100,30,5,65,80,65,80,255,255,255,255,255,255,0,2,0,0,0,80,0,40,-1,-1,0,0,[0|0|0],,
22,,0,1,2,0,[0|0],0,1,AEG001_282,AET005_004_a,AET005_004_a,90,30,0,95,105,95,105,255,255,255,255,255,255,0,2,0,0,0,80,0,40,-1,-1,0,0,[0|0|0],,
23,,0,1,2,0,[0|0],0,1,AEG001_283,AET005_004_a,AET005_004_a,90,30,0,95,105,95,105,255,255,255,255,255,255,0,2,0,0,0,80,0,40,-1,-1,0,0,[0|0|0],,
24,,0,1,2,0,[0|0],0,1,AEG001_240,AET003_904_a,AET005_031_a,100,30,5,65,100,65,100,255,255,255,255,255,255,0,2,0,0,0,80,0,40,-1,-1,0,0,[0|0|0],,
25,,0,1,2,0,[0|0],0,5,AEG001_240,AET003_904_a,AET005_031_a,100,30,5,65,100,65,100,255,255,255,255,255,255,0,2,0,0,0,80,0,40,-1,-1,0,0,[0|0|0],,
26,,0,1,2,0,[0|0],0,1,AEG001_003,AET005_020_a,AET005_021_a,90,30,0,95,105,95,105,255,255,255,255,255,255,0,2,0,0,0,80,0,40,-1,-1,0,0,[0|0|0],,
27,,0,1,2,0,[0|0],0,1,AEG001_250,AET005_015_a,AET005_016_a,90,30,0,95,105,95,105,255,255,255,255,255,255,0,2,0,0,0,80,0,40,-1,-1,0,0,[0|0|0],,
28,,0,1,2,0,[0|0],0,1,AEG001_251,AET005_017_a,AET005_018_a,100,30,5,65,80,65,80,255,255,255,255,255,255,0,2,0,0,0,80,0,40,-1,-1,0,0,[0|0|0],,
29,,0,1,2,0,[0|0],0,1,AEG001_252,AET005_011_a,AET005_012_a,100,30,5,65,85,65,85,255,255,255,255,255,255,0,2,0,0,0,80,0,40,-1,-1,0,0,[0|0|0],,
30,,0,1,1,0,[0|0],0,1,AEG001_264,AET005_004_a,AET005_004_a,90,30,0,95,105,95,105,255,255,255,255,255,255,0,2,0,0,0,80,0,40,-1,-1,0,0,[0|0|0],,
31,,0,1,1,0,[0|0],0,1,AEG800_451,AET005_004_a,AET005_004_a,90,30,0,95,105,95,105,255,255,255,255,255,255,0,2,0,0,0,80,0,40,-1,-1,0,0,[0|0|0],,
32,,0,1,2,0,[0|0],0,1,AEG001_241,AET005_004_a,AET005_004_a,90,30,0,95,105,95,105,255,255,255,255,255,255,0,2,0,0,0,80,0,40,-1,-1,0,0,[0|0|0],,
37,,0,1,2,0,[0|0],0,1,AEG001_253,AET005_004_a,AET005_004_a,90,30,0,95,105,95,105,255,255,255,255,255,255,0,2,0,0,0,80,0,40,-1,-1,0,0,[0|0|0],,
38,,0,1,4,2,[0|0],0,1,AEG098_100,AET999_994_a,AET999_994_a,0,0,0,100,100,100,100,255,255,255,255,255,255,0,2,0,0,0,80,0,40,-1,-1,0,0,[0|0|0],AEG001_286,
39,,2,1,4,2,[0|0],0,1,AEG001_265,AET005_004_a,AET005_043_a,90,30,0,95,105,95,105,255,255,255,255,255,255,0,2,0,0,0,80,0,40,-1,-1,0,0,[0|0|0],AEG001_287,
40,,10,1,5,0,[0|0],0,1,AEG001_315,AET005_004_a,AET005_004_a,90,30,0,85,110,75,150,255,255,255,255,255,255,0,2,0,0,0,80,0,40,-1,-1,0,0,[0|0|0],AEG001_315,AEG001_316
41,,11,1,5,0,[0|0],0,1,AEG001_317,AET005_004_a,AET005_004_a,90,30,0,60,110,20,105,255,255,255,255,255,255,0,2,0,0,0,80,0,40,-1,-1,0,0,[0|0|0],AEG001_284,AEG001_318
42,Orange Grass,10,1,5,0,[0|0],0,0.75,AEG001_342,AET005_004_a,AET005_004_a,90,30,0,100,125,100,150,255,180,180,255,255,255,0,2,0,0,0,80,0,40,-1,-1,0,0,[0|0|0],AEG001_342,AEG001_231
43,Orange Grass Patches,10,1,5,0,[0|0],0,0.75,AEG001_344,AET005_004_a,AET005_004_a,90,30,0,85,115,20,105,255,180,180,255,255,255,0,2,0,0,0,80,0,40,-1,-1,0,0,[0|0|0],AEG001_344,AEG001_231
44,Grey Grass,10,1,5,0,[0|0],0,1,AEG001_325,AET005_004_a,AET005_004_a,90,30,0,85,110,75,150,255,255,255,255,255,255,0,2,0,0,0,80,0,40,-1,-1,0,0,[0|0|0],AEG001_325,AEG001_326
45,Red Tall Grass,11,1,5,0,[0|0],0,1,AEG001_327,AET005_004_a,AET005_004_a,90,30,0,60,110,20,105,255,255,255,255,255,255,0,2,0,0,0,80,0,40,-1,-1,0,0,[0|0|0],AEG001_284,AEG001_328
46,,10,1,5,0,[0|0],0,1,AEG001_330,AET005_004_a,AET005_004_a,90,30,0,85,110,75,150,255,255,255,255,255,255,0,2,0,0,0,80,0,40,-1,-1,0,0,[0|0|0],AEG001_330,AEG001_331
47,,11,1,5,0,[0|0],0,1,AEG001_332,AET005_004_a,AET005_004_a,90,30,0,60,110,20,105,255,255,255,255,255,255,0,2,0,0,0,80,0,40,-1,-1,0,0,[0|0|0],AEG001_284,AEG001_333
48,,10,1,5,0,[0|0],0,1,AEG001_310,AET005_004_a,AET005_004_a,90,30,0,85,110,75,150,255,255,255,255,255,255,0,2,0,0,0,80,0,40,-1,-1,0,0,[0|0|0],AEG001_310,AEG001_312
49,,11,1,5,0,[0|0],0,1,AEG001_311,AET005_004_a,AET005_004_a,90,30,0,60,110,20,105,255,255,255,255,255,255,0,2,0,0,0,80,0,40,-1,-1,0,0,[0|0|0],AEG001_284,AEG001_312
50,,1,1,4,2,[0|0],0,1,AEG098_100,AET005_004_a,AET005_004_a,90,30,0,95,105,95,105,255,255,255,255,255,255,0,2,0,0,0,80,0,40,-1,-1,0,0,[0|0|0],AEG001_284,
51,,1,1,4,2,[0|0],0,1,AEG098_101,AET005_004_a,AET005_004_a,90,30,0,95,105,95,105,255,255,255,255,255,255,0,2,0,0,0,80,0,40,-1,-1,0,0,[0|0|0],AEG001_284,
52,,1,1,4,2,[0|0],0,1,AEG098_102,AET005_004_a,AET005_004_a,90,30,0,95,105,95,105,255,255,255,255,255,255,0,2,0,0,0,80,0,40,-1,-1,0,0,[0|0|0],AEG001_284,
53,,2,1,4,0,[0|0],0,1,AEG098_110,AET005_004_a,AET005_004_a,90,30,0,95,105,95,105,255,255,255,255,255,255,0,2,0,0,0,80,0,40,-1,-1,0,0,[0|0|0],AEG098_119,
54,,2,1,4,0,[0|0],0,1,AEG098_111,AET005_004_a,AET005_004_a,90,30,0,95,105,95,105,255,255,255,255,255,255,0,2,0,0,0,80,0,40,-1,-1,0,0,[0|0|0],AEG098_119,
55,,2,1,4,0,[0|0],0,1,AEG098_112,AET005_004_a,AET005_004_a,90,30,0,95,105,95,105,255,255,255,255,255,255,0,2,0,0,0,80,0,40,-1,-1,0,0,[0|0|0],AEG098_119,
56,,0,1,2,0,[0|0],0,1,AEG098_116,AET005_031_a,AET005_031_a,100,30,0,65,100,95,100,255,255,255,255,255,255,0,2,0,0,0,80,0,40,-1,-1,0,0,[0|0|0],,
57,,0,1,2,0,[0|0],0,1,AEG098_117,AET005_031_a,AET005_031_a,100,30,0,65,100,95,100,255,255,255,255,255,255,0,2,0,0,0,80,0,40,-1,-1,0,0,[0|0|0],,
58,,0,1,2,0,[0|0],0,1,AEG098_118,AET005_031_a,AET005_031_a,100,30,0,65,100,95,100,255,255,255,255,255,255,0,2,0,0,0,80,0,40,-1,-1,0,0,[0|0|0],,
59,,0,1,4,2,[0|0],0,1,AEG098_113,AET005_004_a,AET005_004_a,100,0,0,80,100,80,100,255,255,255,255,255,255,0,2,0,0,0,80,0,40,-1,-1,0,0,[0|0|0],AEG001_254,AEG001_255
60,,0,1,4,2,[0|0],0,1,AEG098_211,AET005_004_a,AET005_004_a,100,45,0,75,125,75,125,128,128,128,255,255,255,0,2,0,0,0,80,0,40,-1,-1,0,0,[0|0|0],,
61,,0,1,4,2,[0|0],0,1,AEG098_115,AET005_004_a,AET005_004_a,90,30,0,95,105,95,105,255,255,255,255,255,255,0,2,0,0,0,80,0,40,-1,-1,0,0,[0|0|0],AEG001_284,
62,,0,1,5,0,[0|0],0,1,AEG098_120,AET005_031_a,AET005_031_a,100,30,0,65,100,95,100,255,255,255,255,255,255,0,2,0,0,0,80,0,40,-1,-1,0,0,[0|0|0],,
63,,0,1,5,0,[0|0],0,1,AEG098_121,AET005_031_a,AET005_031_a,100,30,0,65,100,95,100,255,255,255,255,255,255,0,2,0,0,0,80,0,40,-1,-1,0,0,[0|0|0],,
64,,0,1,5,0,[0|0],0,2,AEG098_122,AET005_031_a,AET005_031_a,100,30,0,100,100,95,80,255,255,255,255,255,255,0,1,0,0,0,80,0,40,-1,-1,0,0,[0|0|0],,
65,,11,1,5,0,[0|0],0,1,AEG098_103,AET005_004_a,AET005_004_a,90,30,0,60,110,20,105,255,255,255,255,255,255,0,2,0,0,0,80,0,40,-1,-1,0,0,[0|0|0],AEG001_284,AEG001_318
66,,4,1,0,0,[0|0],0,3,AEG098_136,AET005_004_a,AET005_004_a,100,45,0,100,120,100,100,255,255,255,255,255,255,0,2,0,0,0,80,0,40,-1,-1,0,0,[0|0|0],,
70,,12,1,5,0,[0|0],0,1,AEG001_308,AET005_004_a,AET005_004_a,90,30,0,85,110,75,150,255,215,200,255,255,255,0,2,0,0,0,80,0,40,-1,-1,0,0,[0|0|0],AEG001_308,AEG001_312
71,,0,1,5,0,[0|0],0,1,AEG098_200,AET005_004_a,AET005_004_a,100,0,0,80,100,80,100,255,255,255,255,255,255,0,2,0,0,0,80,0,40,-1,-1,0,0,[0|0|0],AEG001_254,AEG001_255
72,,0,1,5,0,[0|0],0,1,AEG098_201,AET005_004_a,AET005_004_a,100,0,0,80,100,80,100,255,255,255,255,255,255,0,2,0,0,0,80,0,40,-1,-1,0,0,[0|0|0],AEG001_254,AEG001_255
73,,0,1,5,0,[0|0],0,1,AEG098_202,AET005_004_a,AET005_004_a,100,0,0,80,100,80,100,255,255,255,255,255,255,0,2,0,0,0,80,0,40,-1,-1,0,0,[0|0|0],AEG001_254,AEG001_255
74,,0,1,5,0,[0|0],0,1,AEG098_203,AET005_004_a,AET005_004_a,100,0,0,80,100,80,100,255,255,255,255,255,255,0,2,0,0,0,80,0,40,-1,-1,0,0,[0|0|0],AEG001_254,AEG001_255
75,,0,1,5,0,[0|0],0,1,AEG098_204,AET005_004_a,AET005_004_a,100,0,0,80,100,80,100,255,255,255,255,255,255,0,2,0,0,0,80,0,40,-1,-1,0,0,[0|0|0],AEG001_254,AEG001_255
76,,0,1,5,0,[0|0],0,1,AEG098_205,AET005_004_a,AET005_004_a,100,0,0,80,100,80,100,255,255,255,255,255,255,0,2,0,0,0,80,0,40,-1,-1,0,0,[0|0|0],AEG001_254,AEG001_255
77,,0,1,5,0,[0|0],0,1,AEG098_206,AET005_004_a,AET005_004_a,100,0,0,80,100,80,100,255,255,255,255,255,255,0,2,0,0,0,80,0,40,-1,-1,0,0,[0|0|0],AEG001_254,AEG001_255
78,,0,1,5,0,[0|0],0,1,AEG098_207,AET005_004_a,AET005_004_a,100,30,0,80,100,80,100,255,255,255,255,255,255,0,2,0,0,0,80,0,40,-1,-1,0,0,[0|0|0],AEG001_254,AEG001_255
79,,0,1,5,0,[0|0],0,1,AEG098_208,AET005_004_a,AET005_004_a,100,0,0,80,100,80,100,255,255,255,255,255,255,0,2,0,0,0,80,0,40,-1,-1,0,0,[0|0|0],AEG001_254,AEG001_255
80,,0,1,5,0,[0|0],0,1,AEG098_209,AET005_004_a,AET005_004_a,100,0,0,80,100,80,100,255,255,255,255,255,255,0,2,0,0,0,80,0,40,-1,-1,0,0,[0|0|0],AEG001_254,AEG001_255
81,,10,1,5,0,[0|0],0,1,AEG001_189,AET005_004_a,AET005_004_a,90,30,0,100,125,100,150,255,255,255,255,255,255,0,2,0,0,0,80,0,40,-1,-1,0,0,[0|0|0],AEG001_189,AEG001_186
82,,11,1,5,0,[0|0],0,1,AEG001_188,AET005_004_a,AET005_004_a,90,30,0,85,115,20,105,255,255,255,255,255,255,0,2,0,0,0,80,0,40,-1,-1,0,0,[0|0|0],AEG001_188,AEG001_186
83,,2,1,5,0,[0|0],0,1,AEG001_187,AET005_004_a,AET005_004_a,90,30,0,95,105,95,105,255,255,255,255,255,255,0,2,0,0,0,80,0,40,30,30,0,0,[0|0|0],,
84,,0,1,5,0,[0|0],0,1,AEG001_379,AET005_004_a,AET005_004_a,100,0,0,80,100,80,120,255,255,255,255,255,255,0,2,0,0,0,80,0,40,-1,-1,0,0,[0|0|0],AEG001_379,AEG001_379
85,,0,1,5,0,[0|0],0,1,AEG098_210,AET005_004_a,AET005_004_a,100,0,0,80,100,80,100,255,255,255,255,255,255,0,2,0,0,0,80,0,40,-1,-1,0,0,[0|0|0],AEG001_254,
89,,0,1,5,0,[0|0],0,1,AEG001_434,AET005_004_a,AET005_004_a,100,30,0,80,100,80,100,255,255,255,255,255,255,0,2,0,0,0,80,0,40,-1,-1,0,0,[0|0|0],AEG001_254,AEG001_231
90,,10,1,5,0,[0|0],0,1,AEG001_210,AET005_004_a,AET005_004_a,100,45,0,100,125,100,150,255,180,180,255,255,255,0,2,0,0,0,80,0,40,-1,-1,0,0,[0|0|0],AEG001_210,AEG001_216
91,,10,1,5,0,[0|0],0,1,AEG001_211,AET005_004_a,AET005_004_a,100,45,0,85,115,20,105,255,180,180,255,255,255,0,2,0,0,0,80,0,40,-1,-1,0,0,[0|0|0],AEG001_211,AEG001_216
92,,4,1,0,0,[0|0],0,0.7,AEG001_212,AET005_004_a,AET005_004_a,100,45,0,80,130,100,100,255,255,255,255,255,255,0,2,0,0,0,80,0,40,-1,-1,0,0,[0|0|0],,
93,,10,1,1,0,[0|0],0,0.7,AEG001_213,AET005_004_a,AET005_004_a,100,45,0,100,100,50,100,255,255,255,255,255,255,0,2,0,0,0,80,0,40,-1,-1,0,0,[0|0|0],,
94,,10,1,1,0,[0|0],0,0.7,AEG001_214,AET005_004_a,AET005_004_a,100,45,0,100,100,50,100,255,255,255,255,255,255,0,2,0,0,0,80,0,40,-1,-1,0,0,[0|0|0],,
95,,10,1,1,0,[0|0],0,0.7,AEG001_215,AET005_004_a,AET005_004_a,100,45,0,100,100,80,110,255,255,255,255,255,255,0,2,0,0,0,80,0,40,30,30,0,0,[0|0|0],,
96,,10,1,1,0,[0|0],0,1,AEG001_218,AET005_004_a,AET005_004_a,100,45,0,100,100,50,100,255,255,255,255,255,255,0,2,0,0,0,80,0,40,-1,-1,0,0,[0|0|0],,
97,,10,1,1,0,[0|0],0,0.7,AEG001_219,AET005_004_a,AET005_004_a,100,45,0,100,100,50,100,255,255,255,255,255,255,0,2,0,0,0,80,0,40,-1,-1,0,0,[0|0|0],,
98,Grey Grass,10,1,5,0,[0|0],0,1,AEG001_364,AET005_004_a,AET005_004_a,90,30,0,85,110,75,150,255,255,255,255,255,255,0,2,0,0,0,80,0,40,-1,-1,0,0,[0|0|0],AEG001_364,AEG001_365
99,,4,1,0,0,[0|0],0,0.7,AEG001_233,AET005_004_a,AET005_004_a,100,45,0,80,130,100,100,255,255,255,255,255,255,0,2,0,0,0,80,0,40,-1,-1,0,0,[0|0|0],,
100,Bricks,0,1,2,0,[0|0],0,1,AEG098_000,AET005_031_a,AET005_031_a,100,30,0,65,100,65,100,255,255,255,255,255,255,0,2,0,0,0,80,0,40,-1,-1,0,0,[0|0|0],,
101,Sticks,0,1,2,0,[0|0],0,1,AEG098_001,AET005_031_a,AET005_031_a,100,30,0,65,100,65,100,255,255,255,255,255,255,0,2,0,0,0,80,0,40,-1,-1,0,0,[0|0|0],,
102,Common Ivy,0,1,2,0,[0|0],0,1,AEG098_002,AET005_031_a,AET005_031_a,100,100,5,70,100,70,100,255,255,255,255,255,255,0,2,5,0,0,80,0,40,-1,-1,0,0,[0|0|0],,
103,Light-Grey Bricks,0,1,2,0,[0|0],0,1,AEG098_003,AET005_031_a,AET005_031_a,90,20,0,65,100,65,100,255,255,255,255,255,255,0,3,0,0,0,80,0,40,-1,-1,0,0,[0|0|0],,
104,Roots,0,1,2,0,[0|0],0,1,AEG098_004,AET005_031_a,AET005_031_a,100,100,5,70,100,70,100,255,255,255,255,255,255,0,2,0,0,0,80,0,40,-1,-1,0,0,[0|0|0],,
105,Pebbles,0,1,2,0,[0|0],0,1,AEG098_005,AET005_031_a,AET005_031_a,100,30,5,65,100,65,100,255,255,255,255,255,255,0,2,0,0,0,80,0,40,-1,-1,0,0,[0|0|0],,
106,Mixed Leaves,0,1,2,0,[0|0],0,1,AEG098_006,AET005_031_a,AET005_031_a,100,30,0,65,100,95,80,255,255,255,255,255,255,0,1,0,0,0,80,0,40,-1,-1,0,0,[0|0|0],,
107,Planks,0,1,2,0,[0|0],0,1,AEG098_007,AET005_031_a,AET005_031_a,100,30,0,65,100,95,100,255,255,255,255,255,255,0,2,0,0,0,80,0,40,-1,-1,0,0,[0|0|0],,
108,Fruits & Vegetables,0,1,2,0,[0|0],0,1,AEG098_008,AET005_031_a,AET005_031_a,100,30,0,65,100,95,100,255,255,255,255,255,255,0,2,0,0,0,80,0,40,-1,-1,0,0,[0|0|0],,
109,Ropes,0,1,2,0,[0|0],0,1,AEG098_009,AET005_031_a,AET005_031_a,100,30,0,65,100,95,100,255,255,255,255,255,255,0,2,0,0,0,80,0,40,-1,-1,0,0,[0|0|0],,
110,Books & Scrolls,0,1,2,0,[0|0],0,1,AEG098_010,AET005_031_a,AET005_031_a,100,30,0,65,100,95,100,255,255,255,255,255,255,0,2,0,0,0,80,0,40,-1,-1,0,0,[0|0|0],,
111,Hay,0,1,2,0,[0|0],0,1,AEG098_011,AET005_031_a,AET005_031_a,100,30,0,65,100,95,100,255,255,255,255,255,255,0,2,0,0,0,80,0,40,-1,-1,0,0,[0|0|0],,
112,Documents,0,1,2,0,[0|0],0,1,AEG098_012,AET005_031_a,AET005_031_a,100,30,0,65,100,95,100,255,255,255,255,255,255,0,2,0,0,0,80,0,40,-1,-1,0,0,[0|0|0],,
113,Sand with Pebbles,0,1,2,0,[0|0],0,1,AEG098_013,AET005_031_a,AET005_031_a,100,30,0,65,100,70,150,255,255,255,255,255,255,0,2,0,0,0,80,0,40,-1,-1,0,0,[0|0|0],,
114,Broken Crates,0,1,2,0,[0|0],0,1,AEG098_014,AET005_031_a,AET005_031_a,100,30,0,65,100,95,100,255,255,255,255,255,255,0,2,0,0,0,80,0,40,-1,-1,0,0,[0|0|0],,
115,Silverware,0,1,2,0,[0|0],0,1,AEG098_015,AET005_031_a,AET005_031_a,100,30,0,65,100,95,100,255,255,255,255,255,255,0,2,0,0,0,80,0,40,-1,-1,0,0,[0|0|0],,
116,Bushy Green Grass,0,1,1,0,[0|0],0,1,AEG098_016,AET005_004_a,AET005_004_a,90,30,0,95,105,95,105,255,255,255,255,255,255,0,2,0,0,0,80,0,40,-1,-1,0,0,[0|0|0],,
117,Bricks,0,1,2,0,[0|0],0,1,AEG098_017,AET005_031_a,AET005_031_a,100,30,0,65,100,65,100,255,255,255,255,255,255,0,2,0,0,0,80,0,40,-1,-1,0,0,[0|0|0],,
118,Mixed Leaves,2,1,0,0,[0|0],0,0.4,AEG098_023,AET005_031_a,AET005_031_a,100,60,0,65,100,95,80,255,255,255,255,255,255,0,1,0,0,0,80,0,40,-1,-1,0,0,[0|0|0],,
119,Skulls & Bones,0,1,2,0,[0|0],0,1,AEG098_018,AET005_031_a,AET005_031_a,100,30,0,65,100,65,100,255,255,255,255,255,255,0,2,0,0,0,80,0,40,-1,-1,0,0,[0|0|0],,
120,Stalactites,0,1,2,0,[0|0],0,7,AEG098_019,AET005_031_a,AET005_031_a,100,2,0,100,160,30,160,255,255,255,255,255,255,0,2,0,0,0,80,0,40,-1,-1,0,0,[0|0|0],,
121,Rocks,0,1,2,0,[0|0],0,2,AEG098_020,AET005_031_a,AET005_031_a,100,30,0,90,100,90,110,255,255,255,255,255,255,0,6,0,0,0,80,0,40,-1,-1,0,0,[0|0|0],,
122,Cursed Roots,0,1,2,0,[0|0],0,2,AEG098_021,AET005_031_a,AET005_031_a,100,30,5,90,120,90,110,255,255,255,255,255,255,0,6,0,0,0,80,0,40,-1,-1,0,0,[0|0|0],,
123,Bricks,14,1,1,0,[0|0],0,4,AEG098_022,AET005_031_a,AET005_031_a,100,30,0,65,100,65,100,255,255,255,255,255,255,0,2,0,0,0,80,0,40,-1,-1,0,0,[0|0|0],,
124,Green Grass Varied,0,1,1,0,[0|0],0,1,AEG098_024,AET230_042_a,AET230_042_a,90,30,0,85,115,85,115,255,255,255,255,255,255,0,2,0,0,0,80,0,40,-1,-1,0,0,[0|0|0],,
125,Rocks,0,1,2,0,[0|0],0,1,AEG098_025,AET005_031_a,AET005_031_a,100,30,0,65,100,65,100,255,255,255,255,255,255,0,2,0,0,0,80,0,40,-1,-1,0,0,[0|0|0],,
126,Pebbles,0,1,2,0,[0|0],0,1,AEG098_026,AET005_031_a,AET005_031_a,100,30,0,65,100,65,100,255,255,255,255,255,255,0,2,0,0,0,80,0,40,-1,-1,0,0,[0|0|0],,
127,,2,1,1,0,[0|0],0,1,AEG098_027,AET005_004_a,AET005_004_a,90,30,0,95,105,95,105,255,255,255,255,255,255,0,2,0,0,0,80,0,40,-1,-1,0,0,[0|0|0],,
128,,0,1,1,0,[0|0],0,0.7,AEG098_028,AET005_031_a,AET005_031_a,100,30,0,65,100,65,100,255,255,255,255,255,255,0,2,0,0,0,80,0,40,-1,-1,0,0,[0|0|0],,
129,,0,1,2,0,[0|0],0,2,AEG098_026,AET005_031_a,AET005_031_a,90,30,0,65,100,65,100,255,255,255,255,255,255,0,2,0,0,0,80,0,40,-1,-1,0,0,[0|0|0],,
130,Pebbles,0,1,2,0,[0|0],0,0.5,AEG098_029,AET005_031_a,AET005_031_a,94,30,0,65,100,65,100,255,255,255,255,255,255,0,2,0,0,0,80,0,40,-1,-1,0,0,[0|0|0],,
131,,0,1,2,0,[0|0],0,1,AEG098_030,AET005_031_a,AET005_031_a,100,30,0,65,100,65,100,255,255,255,255,255,255,0,2,0,0,0,80,0,40,-1,-1,0,0,[0|0|0],,
132,,2,1,2,0,[0|0],0,1,AEG098_031,AET005_031_a,AET005_031_a,100,30,0,65,100,95,100,255,255,255,255,255,255,0,2,0,0,0,80,0,40,-1,-1,0,0,[0|0|0],,
133,,2,1,2,0,[0|0],0,1,AEG098_032,AET005_031_a,AET005_031_a,100,30,0,65,100,95,100,255,255,255,255,255,255,0,2,0,0,0,80,0,40,-1,-1,0,0,[0|0|0],,
134,,2,1,0,0,[0|0],0,0.6,AEG098_033,AET005_031_a,AET005_031_a,100,30,0,90,130,100,100,255,255,255,255,255,255,0,2,0,0,0,80,0,40,-1,-1,0,0,[0|0|0],,
135,Ropes,2,1,0,0,[0|0],0,1,AEG098_034,AET005_031_a,AET005_031_a,100,30,0,65,100,95,100,255,255,255,255,255,255,0,2,0,0,0,80,0,40,-1,-1,0,0,[0|0|0],,
136,,0,1,2,0,[0|0],0,1,AEG098_035,AET005_031_a,AET005_031_a,100,30,0,65,100,65,100,255,255,255,255,255,255,0,2,0,0,0,80,0,40,-1,-1,0,0,[0|0|0],,
137,,2,1,2,0,[0|0],0,1,AEG098_036,AET005_031_a,AET005_031_a,100,30,0,65,100,65,100,255,255,255,255,255,255,0,2,0,0,0,80,0,40,-1,-1,0,0,[0|0|0],,
138,Dead Leaves,0,1,2,0,[0|0],0,0.5,AEG098_037,AET005_031_a,AET005_031_a,100,45,0,65,100,95,80,255,255,255,255,255,255,0,1,0,0,0,80,0,40,0,0,0,0,[0|0|0],,
139,Tall Brown Grass,0,1,2,2,[0|0],0,0.5,AEG098_038,AET240_800_a,AET240_800_a,90,45,5,95,105,95,105,255,255,255,255,255,255,0,2,0,0,0,80,0,40,-1,-1,0,0,[0|0|0],,
140,Short Dark Green Grass,0,1,2,2,[0|0],0,0.5,AEG098_039,AET240_800_a,AET240_800_a,90,45,5,95,105,95,105,255,255,255,255,255,255,0,2,0,0,0,80,0,40,-1,-1,0,0,[0|0|0],,
141,,0,1,2,2,[0|0],0,1,AEG098_040,AET240_800_a,AET005_031_a,100,30,0,95,105,95,105,255,255,255,255,255,255,0,2,0,0,0,80,0,40,-1,-1,0,0,[0|0|0],,
142,,14,1,2,0,[0|0],0,1,AEG098_041,AET005_031_a,AET005_031_a,100,45,5,65,100,65,100,255,255,255,255,255,255,0,2,0,0,0,80,0,40,-1,-1,0,0,[0|0|0],,
143,,0,1,2,0,[0|0],0,1,AEG098_042,AET005_004_a,AET005_004_a,90,30,0,95,105,95,105,255,255,255,255,255,255,0,2,0,0,0,80,0,40,-1,-1,0,0,[0|0|0],,
144,,2,1,2,0,[0|0],0,0.4,AEG098_043,AET005_004_a,AET005_004_a,90,30,0,95,105,80,105,255,255,255,255,255,255,0,2,0,0,0,80,0,40,-1,-1,0,0,[0|0|0],,
145,Rocks,0,1,2,0,[0|0],0,0.4,AEG098_044,AET005_004_a,AET005_004_a,90,30,0,95,105,80,105,255,255,255,255,255,255,0,2,0,0,0,80,0,40,-1,-1,0,0,[0|0|0],,
146,,0,1,2,0,[0|0],0,1,AEG098_045,AET005_004_a,AET005_004_a,90,30,0,95,105,95,105,255,255,255,255,255,255,0,2,0,0,0,80,0,40,-1,-1,0,0,[0|0|0],,
147,,2,1,2,0,[0|0],0,1,AEG098_046,AET005_031_a,AET005_031_a,100,30,0,65,100,95,100,255,255,255,255,255,255,0,2,0,0,0,80,0,40,-1,-1,0,0,[0|0|0],,
148,,0,1,2,0,[0|0],0,1,AEG098_047,AET005_031_a,AET005_031_a,100,30,0,65,100,95,100,255,255,255,255,255,255,0,2,0,0,0,80,0,40,-1,-1,0,0,[0|0|0],,
149,,0,1,2,0,[0|0],0,3,AEG098_048,AET005_031_a,AET005_031_a,100,30,0,90,130,90,130,255,255,255,255,255,255,0,2,0,0,0,80,0,40,-1,-1,0,0,[0|0|0],,
150,,0,1,0,0,[0|0],0,2,AEG098_049,AET005_031_a,AET005_031_a,100,5,0,75,200,75,200,255,255,255,255,255,255,0,2,0,0,0,80,0,40,-1,-1,0,0,[0|0|0],,
151,,0,1,0,0,[0|0],0,5,AEG098_050,AET005_031_a,AET005_031_a,100,45,0,75,150,75,150,255,255,255,255,255,255,0,2,0,0,0,80,0,40,-1,-1,0,0,[0|0|0],,
152,,0,1,2,0,[0|0],0,1,AEG098_051,AET005_007_a,AET005_013_a,100,30,5,65,85,65,85,255,255,255,255,255,255,0,2,0,0,0,80,0,40,-1,-1,0,0,[0|0|0],,
153,,0,1,2,0,[0|0],0,1,AEG098_052,AET005_004_a,AET005_004_a,90,30,0,95,105,95,105,255,255,255,255,255,255,0,2,0,0,0,80,0,40,-1,-1,0,0,[0|0|0],,
154,,0,1,2,0,[0|0],0,1,AEG098_053,AET005_004_a,AET005_004_a,90,30,0,95,105,95,105,255,255,255,255,255,255,0,2,0,0,0,80,0,40,-1,-1,0,0,[0|0|0],,
155,Gravel,0,1,0,0,[0|0],0,4,AEG098_054,AET005_031_a,AET005_031_a,100,45,0,75,125,90,130,255,255,255,255,255,255,0,2,0,0,0,80,0,40,-1,-1,0,0,[0|0|0],,
156,,0,1,2,0,[0|0],0,4,AEG098_055,AET005_031_a,AET005_031_a,70,15,5,65,100,65,100,255,255,255,255,255,255,0,2,0,0,0,80,0,40,-1,-1,0,0,[0|0|0],,
157,,0,1,2,0,[0|0],0,1,AEG098_056,AET005_031_a,AET005_031_a,100,30,0,65,100,65,100,255,255,255,255,255,255,0,2,0,0,0,80,0,40,-1,-1,0,0,[0|0|0],,
158,,0,1,2,0,[0|0],0,1,AEG098_057,AET005_031_a,AET005_031_a,100,30,0,65,100,65,100,255,255,255,255,255,255,0,2,0,0,0,80,0,40,-1,-1,0,0,[0|0|0],,
159,,0,1,0,0,[0|0],0,1,AEG098_058,AET005_031_a,AET005_031_a,100,30,0,80,100,80,100,255,255,255,255,255,255,0,2,0,0,0,80,0,40,-1,-1,0,0,[0|0|0],,
160,Animal Bones,0,1,0,0,[0|0],0,1,AEG098_059,AET005_031_a,AET005_031_a,100,30,0,80,100,80,100,255,255,255,255,255,255,0,2,0,0,0,80,0,40,-1,-1,0,0,[0|0|0],,
161,,0,1,0,0,[0|0],0,1,AEG098_060,AET005_031_a,AET005_031_a,100,30,0,80,100,80,100,255,255,255,255,255,255,0,2,0,0,0,80,0,40,-1,-1,0,0,[0|0|0],,
162,,0,1,2,0,[0|0],0,1,AEG098_061,AET005_004_a,AET005_004_a,90,30,0,85,115,85,115,255,255,255,255,255,255,0,2,0,0,0,80,0,40,-1,-1,0,0,[0|0|0],,
163,,2,1,5,0,[0|0],0,2.5,AEG098_062,AET005_004_a,AET005_004_a,90,60,0,95,105,95,105,255,255,255,255,255,255,0,2,0,0,0,80,0,40,-1,-1,0,0,[0|0|0],,AEG098_176
164,,0,1,2,0,[0|0],0,1,AEG098_063,AET005_031_a,AET005_031_a,100,30,0,65,100,65,100,255,255,255,255,255,255,0,2,0,0,0,80,0,40,-1,-1,0,0,[0|0|0],,
165,,0,1,2,0,[0|0],0,1,AEG098_064,AET005_031_a,AET005_031_a,100,30,0,90,130,90,130,255,255,255,255,255,255,0,2,0,0,0,80,0,40,-1,-1,0,0,[0|0|0],,
166,,0,1,2,0,[0|0],0,1,AEG098_065,AET005_031_a,AET005_031_a,100,30,0,65,100,65,100,255,255,255,255,255,255,0,2,0,0,0,80,0,40,-1,-1,0,0,[0|0|0],,
167,,11,1,5,0,[0|0],0,4,AEG098_066,AET005_004_a,AET005_004_a,90,60,0,95,105,95,105,255,255,255,255,255,255,0,2,0,0,0,80,0,40,-1,-1,0,0,[0|0|0],,AEG098_175
168,,10,1,4,2,[0|0],0,0.1,AEG001_243,AET005_004_a,AET005_004_a,90,30,0,90,105,90,105,255,255,255,255,255,255,0,2,0,0,0,80,0,40,-1,-1,0,0,[0|0|0],AEG001_284,
169,,2,1,4,0,[0|0],0,1,AEG001_244,AET005_004_a,AET005_004_a,90,30,0,90,105,90,105,255,255,255,255,255,255,0,2,0,0,0,80,0,40,-1,-1,0,0,[0|0|0],AEG001_284,
170,Green Grass Patches,11,1,5,0,[0|0],0,1,AEG001_245,AET005_004_a,AET005_004_a,90,30,0,60,110,20,105,255,255,255,255,255,255,0,2,0,0,0,80,0,40,-1,-1,0,0,[0|0|0],AEG001_284,AEG001_256
171,Tiny Reeds,10,1,1,0,[0|0],0,0.5,AEG001_246,AET005_004_a,AET005_004_a,90,30,0,90,105,90,105,255,255,255,255,255,255,0,2,0,0,0,80,0,40,-1,-1,0,0,[0|0|0],AEG001_284,
172,Tiny Reeds,10,1,1,0,[0|0],0,0.5,AEG001_247,AET005_004_a,AET005_004_a,90,30,0,60,105,60,105,255,255,255,255,255,255,0,2,0,0,0,80,0,40,-1,-1,0,0,[0|0|0],AEG001_284,
173,Grain,10,1,1,0,[0|0],0,1.3,AEG001_248,AET005_004_a,AET005_004_a,90,30,0,90,105,100,130,255,255,255,255,255,255,0,2,0,0,0,80,0,40,-1,-1,0,0,[0|0|0],AEG001_284,
174,,10,1,1,0,[0|0],0,0.1,AEG001_249,AET005_004_a,AET005_004_a,90,30,0,90,105,90,105,255,255,255,255,255,255,0,2,0,0,0,80,0,40,-1,-1,0,0,[0|0|0],AEG001_284,
175,,2,1,0,0,[0|0],0,0.7,AEG098_067,AET005_031_a,AET005_031_a,100,45,0,65,100,95,100,255,255,255,255,255,255,0,1,0,0,0,80,0,40,-1,-1,0,0,[0|0|0],,
176,,0,1,5,5,[0|0],0,0.8,AEG098_068,AET005_004_a,AET005_004_a,100,45,0,85,115,85,115,255,255,255,255,255,255,0,2,0,0,0,80,0,40,-1,-1,0,0,[0|0|0],,AEG098_185
177,,0,1,0,0,[0|0],0,3,AEG098_123,AET005_031_a,AET005_031_a,100,30,0,90,130,90,130,255,255,255,255,255,255,0,2,0,0,0,80,0,40,-1,-1,0,0,[0|0|0],,
178,,2,1,5,0,[0|0],0,1,AEG098_069,AET005_004_a,AET005_004_a,100,180,0,50,65,40,100,255,255,255,255,255,255,0,2,0,0,0,80,0,40,-1,-1,0,0,[0|0|0],,AEG098_220
179,,1,1,0,0,[0|0],0,1,AEG098_070,AET005_031_a,AET005_031_a,100,45,0,65,100,95,100,255,255,255,255,255,255,0,1,0,0,1,80,0,40,-1,-1,0,0,[0|0|0],,
180,Small Green Leaves,1,1,0,0,[0|0],0,1,AEG098_070,AET005_031_a,AET005_031_a,100,45,0,65,100,95,100,255,255,255,255,255,255,0,1,0,0,1,80,0,40,-1,-1,0,0,[0|0|0],,
181,,0,1,0,0,[0|0],0,1,AEG098_124,AET005_004_a,AET005_004_a,90,30,0,95,105,95,105,255,255,255,255,255,255,0,2,0,0,0,80,0,40,-1,-1,0,0,[0|0|0],,
182,,1,1,1,0,[0|0],0,1,AEG098_073,AET005_004_a,AET005_004_a,100,30,0,95,105,95,105,255,255,255,255,255,255,0,1,0,0,0,80,0,40,-1,-1,0,0,[0|0|0],,
183,,1,1,1,0,[0|0],0,1,AEG098_074,AET005_004_a,AET005_004_a,90,90,0,95,95,95,95,255,255,255,255,255,255,0,2,0,0,0,80,0,40,-1,-1,0,0,[0|0|0],,
184,,1,1,1,0,[0|0],0,3,AEG098_075,AET005_004_a,AET005_004_a,90,30,0,100,100,100,100,255,255,255,255,255,255,0,1,0,0,0,80,0,40,-1,-1,0,0,[0|0|0],,
185,Skulls and Bones,0,1,5,5,[0|0],0,0.2,AEG098_080,AET005_031_a,AET005_031_a,100,30,0,65,100,65,100,255,255,255,255,255,255,0,2,0,0,0,80,0,40,-1,-1,0,0,[0|0|0],,
186,,2,1,1,0,[0|0],0,0.5,AEG098_090,AET005_031_a,AET005_031_a,100,30,0,65,100,65,100,255,255,255,255,255,255,0,2,0,0,0,80,0,40,-1,-1,0,0,[0|0|0],,
187,Bigger Pebbles,0,1,0,0,[0|0],0,0.2,AEG098_079,AET005_031_a,AET005_031_a,100,30,0,65,100,65,100,255,255,255,255,255,255,0,2,0,0,0,80,0,40,-1,-1,0,0,[0|0|0],,
188,,0,1,1,0,[0|0],0,3,AEG001_352,AET005_004_a,AET005_004_a,100,30,0,150,200,150,200,255,255,255,255,255,255,0,2,0,0,0,80,0,40,-1,-1,0,0,[0|0|0],,
189,,0,1,1,0,[0|0],0,10,AEG001_353,AET005_004_a,AET005_004_a,100,30,0,150,200,150,200,255,255,255,255,255,255,0,2,0,0,0,80,0,40,-1,-1,0,0,[0|0|0],,
190,,0,1,1,0,[0|0],0,3,AEG001_356,AET005_004_a,AET005_004_a,100,30,0,150,200,150,200,255,255,255,255,255,255,0,2,0,0,0,80,0,40,-1,-1,0,0,[0|0|0],,
191,,0,1,2,0,[0|0],0,1,AEG098_082,AET005_031_a,AET005_031_a,100,30,0,65,100,65,100,255,255,255,255,255,255,0,2,0,0,0,80,0,40,-1,-1,0,0,[0|0|0],,
192,,0,1,0,0,[0|0],0,5,AEG098_092,AET005_031_a,AET005_031_a,100,45,0,75,150,75,150,255,255,255,255,255,255,0,2,0,0,0,80,0,40,-1,-1,0,0,[0|0|0],,
193,,2,1,0,0,[0|0],0,1,AEG098_027,AET005_004_a,AET005_004_a,90,30,0,85,110,75,150,180,180,255,255,255,255,0,2,0,0,0,80,0,40,-1,-1,0,0,[0|0|0],AEG098_027,
194,,0,1,0,0,[0|0],0,1,AEG098_168,AET005_004_a,AET005_004_a,90,30,0,85,115,20,105,255,255,255,255,255,255,0,2,0,0,0,80,0,40,-1,-1,0,0,[0|0|0],AEG098_168,
195,Red Flowers,0,1,2,2,[0|0],0,0.7,AEG098_180,AET240_118_a,AET240_118_a,90,45,5,95,105,95,105,255,255,255,255,255,255,0,2,0,0,0,80,0,40,-1,-1,0,0,[0|0|0],,
196,White Tall Flowers,0,1,2,2,[0|0],0,0.5,AEG098_181,AET240_118_a,AET240_118_a,90,45,5,95,105,95,105,255,255,255,255,255,255,0,2,0,0,0,80,0,40,-1,-1,0,0,[0|0|0],,
197,Tall Reeds,0,1,2,2,[0|0],0,0.5,AEG098_084,AET240_118_a,AET240_118_a,90,45,5,95,105,95,100,255,255,255,255,255,255,0,2,0,0,0,80,0,40,-1,-1,0,0,[0|0|0],AEG098_084,AEG098_084
198,,0,1,5,5,[0|0],0,1.5,AEG098_177,AET005_004_a,AET005_004_a,100,45,0,85,115,85,115,255,255,255,255,255,255,0,2,0,0,0,80,0,40,-1,-1,0,0,[0|0|0],,AEG098_186
199,,0,1,5,5,[0|0],0,1,AEG098_187,AET005_004_a,AET005_004_a,100,45,0,85,115,85,115,255,255,255,255,255,255,0,2,0,0,0,80,0,40,-1,-1,0,0,[0|0|0],,AEG098_185
200,,10,1,5,0,[0|0],0,1,AEG001_254,AET005_004_a,AET005_004_a,90,30,0,85,110,75,150,255,255,255,255,255,255,0,2,0,0,0,80,0,40,-1,-1,0,0,[0|0|0],AEG001_254,AEG001_255
201,,10,1,1,0,[0|0],0,0.15,AEG001_301,AET005_004_a,AET005_004_a,0,10,0,100,100,50,100,255,255,255,255,255,255,0,2,0,0,0,80,0,40,-1,-1,0,0,[0|0|0],AEG001_301,AEG001_301
202,Medium Bushes,10,1,1,0,[0|0],0,0.2,AEG001_302,AET005_004_a,AET005_004_a,90,10,0,100,100,50,100,255,255,255,255,255,255,0,2,0,0,0,80,0,40,-1,-1,0,0,[0|0|0],AEG001_302,AEG001_302
203,,10,1,1,0,[0|0],0,0.4,AEG001_303,AET005_004_a,AET005_004_a,90,10,0,100,100,70,100,255,255,255,255,255,255,0,2,0,0,0,80,0,40,-1,-1,0,0,[0|0|0],AEG001_303,AEG001_303
204,,10,1,1,0,[0|0],0,0.3,AEG001_304,AET005_004_a,AET005_004_a,90,10,0,100,100,70,100,255,255,255,255,255,255,0,2,0,0,0,80,0,40,-1,-1,0,0,[0|0|0],AEG001_304,AEG001_304
205,,10,1,1,0,[0|0],0,0.15,AEG001_305,AET005_004_a,AET005_004_a,90,10,0,100,100,70,100,255,255,255,255,255,255,0,2,0,0,0,80,0,40,-1,-1,0,0,[0|0|0],AEG001_305,AEG001_305
206,Small Bushes,5,1,5,0,[0|0],0,0.1,AEG001_334,AET005_004_a,AET005_004_a,90,10,0,100,100,50,100,255,255,255,255,255,255,0,2,0,0,0,80,0,40,-1,-1,0,0,[0|0|0],AEG001_334,AEG001_534
207,,10,1,1,0,[0|0],0,0.7,AEG001_335,AET005_004_a,AET005_004_a,90,10,0,100,100,50,100,255,255,255,255,255,255,0,2,0,0,0,80,0,40,-1,-1,0,0,[0|0|0],AEG001_335,AEG001_335
208,Blue Flowers,5,1,5,0,[0|0],0,0.7,AEG001_336,AET005_004_a,AET005_004_a,90,10,0,100,100,50,100,255,255,255,255,255,255,0,2,0,0,0,80,0,40,-1,-1,0,0,[0|0|0],AEG001_254,AEG001_536
209,Waterlily-like Plants,5,1,5,0,[0|0],0,0.1,AEG001_337,AET005_004_a,AET005_004_a,90,10,0,100,100,50,100,255,255,255,255,255,255,0,2,0,0,0,80,0,40,-1,-1,0,0,[0|0|0],AEG001_337,AEG001_537
210,Waterlily-like Plants (Thick),5,1,5,0,[0|0],0,0.05,AEG001_338,AET005_004_a,AET005_004_a,0,0,0,100,100,100,100,255,255,255,255,255,255,0,2,0,0,0,80,0,40,-1,-1,0,0,[0|0|0],AEG001_338,AEG001_538
211,Dead Twigs,5,1,5,0,[0|0],0,0.1,AEG001_339,AET005_004_a,AET005_004_a,90,10,0,100,100,90,100,255,255,255,255,255,255,0,2,0,0,0,80,0,40,-1,-1,0,0,[0|0|0],AEG001_339,AEG001_539
212,,10,1,1,0,[0|0],0,0.05,AEG001_340,AET005_004_a,AET005_004_a,90,10,0,100,100,70,120,255,255,255,255,255,255,0,2,0,0,0,80,0,40,-1,-1,0,0,[0|0|0],AEG001_340,AEG001_340
213,Tall Reed Patches,5,1,5,0,[0|0],0,0.1,AEG001_341,AET005_004_a,AET005_004_a,90,10,0,100,100,60,100,255,255,255,255,255,255,0,2,0,0,0,80,0,40,-1,-1,0,0,[0|0|0],AEG001_341,AEG001_541
214,,10,1,1,0,[0|0],0,0.7,AEG001_307,AET005_004_a,AET005_004_a,90,10,0,100,100,50,100,255,255,255,255,255,255,0,2,0,0,0,80,0,40,-1,-1,0,0,[0|0|0],AEG001_307,AEG001_307
215,,10,1,1,0,[0|0],0,0.5,AEG001_348,AET005_004_a,AET005_004_a,100,45,0,100,100,50,100,255,255,255,255,255,255,0,2,0,0,0,80,0,40,-1,-1,0,0,[0|0|0],,
216,,10,1,1,0,[0|0],0,0.5,AEG001_345,AET005_004_a,AET005_004_a,100,45,0,100,100,50,100,255,255,255,255,255,255,0,2,0,0,0,80,0,40,-1,-1,0,0,[0|0|0],,
217,,10,1,1,0,[0|0],0,0.7,AEG001_343,AET005_004_a,AET005_004_a,100,45,0,100,100,50,100,255,255,255,255,255,255,0,2,0,0,0,80,0,40,-1,-1,0,0,[0|0|0],,
218,,4,1,0,0,[0|0],0,0.7,AEG098_130,AET005_004_a,AET005_004_a,100,45,0,80,130,100,100,255,255,255,255,255,255,0,2,0,0,0,80,0,40,-1,-1,0,0,[0|0|0],,
219,,10,1,1,0,[0|0],0,0.7,AEG098_127,AET005_004_a,AET005_004_a,90,10,0,75,100,75,100,255,255,255,255,255,255,0,2,0,0,0,80,0,40,-1,-1,0,0,[0|0|0],AEG098_127,AEG098_127
220,,10,1,1,0,[0|0],0,0.1,AEG001_342,AET005_004_a,AET005_004_a,100,45,0,90,105,90,105,255,255,255,255,255,255,0,2,0,0,0,80,0,40,-1,-1,0,0,[0|0|0],,
221,,10,1,1,0,[0|0],0,0.1,AEG001_344,AET005_004_a,AET005_004_a,100,45,0,90,105,90,105,255,255,255,255,255,255,0,2,0,0,0,80,0,40,-1,-1,0,0,[0|0|0],,
222,,10,1,1,0,[0|0],0,0.7,AEG001_292,AET005_004_a,AET005_004_a,100,45,0,100,100,80,110,255,255,255,255,255,255,0,2,0,0,0,80,0,40,30,30,0,0,[0|0|0],,
225,,4,1,0,0,[0|0],0,0.1,AEG098_135,AET005_004_a,AET005_004_a,100,25,0,75,150,50,130,255,255,255,255,255,255,0,2,0,0,0,80,0,40,-1,-1,1,0,[0|0|0],,
226,,10,1,1,0,[0|0],0,0.1,AEG098_128,AET005_004_a,AET005_004_a,100,45,0,90,105,90,105,255,255,255,255,255,255,0,2,0,0,0,80,0,40,-1,-1,0,0,[0|0|0],,
227,Short Grey Grass,10,1,5,0,[0|0],0,1,AEG040_001,AET005_004_a,AET005_004_a,90,30,0,85,110,75,150,255,255,255,255,255,255,0,2,0,0,0,80,0,40,-1,-1,0,0,[0|0|0],AEG001_325,AEG040_002
228,,2,1,0,0,[0|0],0,0.2,AEG001_324,AET005_067_a,AET005_067_a,100,30,0,95,100,95,100,255,255,255,255,255,255,0,2,0,0,0,80,0,40,-1,-1,0,0,[0|0|0],,
229,,2,1,0,0,[0|0],0,0.5,AEG098_081,AET005_031_a,AET005_031_a,100,30,5,65,100,65,100,255,255,255,255,255,255,0,1,0,0,0,80,0,40,-1,-1,0,0,[0|0|0],,
230,,10,1,5,0,[0|0],0,1,AEG098_076,AET005_004_a,AET005_004_a,90,30,0,85,110,75,150,180,180,0,255,255,255,0,2,0,0,0,80,0,40,-1,-1,0,0,[0|0|0],AEG098_076,AEG098_076
232,,0,1,2,0,[0|0],0,3,AEG098_077,AET005_031_a,AET005_031_a,100,30,0,90,130,90,130,255,255,255,255,255,255,0,2,0,0,0,80,0,40,-1,-1,0,0,[0|0|0],,
233,,2,1,2,0,[0|0],0,3,AEG098_091,AET005_004_a,AET005_004_a,90,60,0,95,105,95,105,255,255,255,255,255,255,0,2,0,0,0,80,0,40,-1,-1,0,0,[0|0|0],,
234,,2,1,2,0,[0|0],0,1,AEG098_131,AET005_031_a,AET005_031_a,100,10,0,80,100,80,100,255,255,255,255,255,255,0,2,0,0,0,80,0,40,-1,-1,0,0,[0|0|0],,
235,,2,1,2,0,[0|0],0,1,AEG098_148,AET005_031_a,AET005_031_a,100,10,0,50,150,90,130,255,255,255,255,255,255,0,2,0,0,0,80,0,40,-1,-1,0,0,[0|0|0],,
236,,2,1,2,0,[0|0],0,1,AEG098_149,AET005_031_a,AET005_031_a,100,10,0,75,125,90,130,255,255,255,255,255,255,0,2,0,0,0,80,0,40,-1,-1,0,0,[0|0|0],,
237,,2,1,0,0,[0|0],0,1,AEG098_134,AET005_031_a,AET005_031_a,100,10,0,75,125,90,130,255,255,255,255,255,255,0,2,0,0,0,80,0,40,-1,-1,0,0,[0|0|0],,
238,,2,1,2,0,[0|0],0,1,AEG098_138,AET005_031_a,AET005_031_a,100,10,0,80,120,80,120,255,255,255,255,255,255,0,2,0,0,0,80,0,40,-1,-1,0,0,[0|0|0],,
239,,0,1,1,1,[0|0],0,0.2,AEG098_078,AET005_031_a,AET005_031_a,100,30,0,95,100,95,100,255,255,255,255,255,255,0,2,0,0,0,80,0,40,-1,-1,0,0,[0|0|0],,
240,,0,1,0,0,[0|0],0,1.5,AEG098_140,AET005_031_a,AET005_031_a,100,30,0,80,150,90,110,255,255,255,255,255,255,0,2,0,0,0,80,0,40,-1,-1,0,0,[0|0|0],,
241,,1,1,0,0,[0|0],0,0.5,AEG001_374,AET005_004_a,AET005_004_a,90,30,0,60,130,50,80,255,255,255,255,255,255,0,2,0,0,0,80,0,40,-1,-1,0,0,[0|0|0],,
242,,4,1,1,0,[0|0],0,0.2,AEG001_371,AET005_004_a,AET005_004_a,90,30,0,80,130,50,70,255,255,255,255,255,255,0,2,0,0,0,80,0,40,-1,-1,0,0,[0|0|0],,
243,,4,1,1,0,[0|0],0,0.2,AEG001_372,AET005_004_a,AET005_004_a,90,30,0,75,105,75,100,255,255,255,255,255,255,0,2,0,0,0,80,0,40,-1,-1,0,0,[0|0|0],,
244,,0,1,0,0,[0|0],0,0.6,AEG098_141,AET005_031_a,AET005_031_a,100,30,0,75,150,95,130,255,255,255,255,255,255,0,2,0,0,0,80,0,40,-1,-1,0,0,[0|0|0],,
245,,0,1,0,0,[0|0],0,0.2,AEG098_142,AET005_031_a,AET005_031_a,100,30,0,75,150,95,105,255,255,255,255,255,255,0,2,0,0,0,80,0,40,-1,-1,0,0,[0|0|0],,
246,,0,1,2,0,[0|0],0,1,AEG098_083,AET005_031_a,AET005_031_a,100,10,0,80,100,80,100,255,255,255,255,255,255,0,2,0,0,0,80,0,40,-1,-1,0,0,[0|0|0],,
248,,2,1,2,0,[0|0],0,5,AEG098_132,AET005_031_a,AET005_031_a,100,10,0,50,150,90,130,255,255,255,255,255,255,0,2,0,0,0,80,0,40,-1,-1,0,0,[0|0|0],,
249,,2,1,2,0,[0|0],0,4,AEG098_133,AET005_031_a,AET005_031_a,100,10,0,75,125,90,130,255,255,255,255,255,255,0,2,0,0,0,80,0,40,-1,-1,0,0,[0|0|0],,
250,,2,1,1,0,[0|0],0,3,AEG098_150,AET005_031_a,AET005_031_a,100,30,0,90,110,90,110,255,255,255,255,255,255,0,2,0,0,0,80,0,40,-1,-1,0,0,[0|0|0],,
251,,2,1,5,0,[0|0],0,0.7,AEG098_151,AET260_960_a,AET260_960_a,90,30,0,90,110,90,110,255,255,255,255,255,255,0,2,0,0,0,80,0,40,-1,-1,0,0,[0|0|0],,AEG098_217
252,,2,1,5,0,[0|0],0,0.9,AEG098_152,AET005_031_a,AET005_031_a,90,30,0,90,110,90,110,255,255,255,255,255,255,0,2,0,0,0,80,0,40,-1,-1,0,0,[0|0|0],,AEG098_218
253,,2,1,5,0,[0|0],0,0.7,AEG098_153,AET005_031_a,AET005_031_a,100,30,0,90,110,90,110,255,255,255,255,255,255,0,2,0,0,0,80,0,40,-1,-1,0,0,[0|0|0],,AEG098_221
254,,2,1,5,0,[0|0],0,0.9,AEG098_154,AET005_031_a,AET005_031_a,100,30,0,90,110,90,110,255,255,255,255,255,255,0,2,0,0,0,80,0,40,-1,-1,0,0,[0|0|0],,AEG098_222
255,,0,1,0,0,[0|0],0,5,AEG098_155,AET005_031_a,AET005_031_a,100,15,0,75,100,75,110,255,255,255,255,255,255,0,1,0,0,0,80,0,40,-1,-1,0,0,[0|0|0],,
256,,0,1,2,0,[0|0],0,5,AEG098_156,AET005_031_a,AET005_031_a,100,30,0,30,160,90,130,255,255,255,255,255,255,0,2,0,0,0,80,0,40,-1,-1,0,0,[0|0|0],,
257,,2,1,5,0,[0|0],0,1,AEG098_157,AET005_031_a,AET005_031_a,90,30,0,90,110,75,100,255,255,255,255,255,255,0,2,0,0,0,80,0,40,-1,-1,0,0,[0|0|0],,AEG098_223
258,,2,1,5,0,[0|0],0,1,AEG098_158,AET005_031_a,AET005_031_a,90,30,0,90,110,75,100,255,255,255,255,255,255,0,2,0,0,0,80,0,40,-1,-1,0,0,[0|0|0],,AEG098_219
259,,2,1,0,0,[0|0],0,1,AEG098_159,AET005_031_a,AET005_031_a,90,30,0,90,110,75,100,255,255,255,255,255,255,0,2,0,0,0,80,0,40,-1,-1,0,0,[0|0|0],,
260,,2,1,0,0,[0|0],0,1,AEG098_160,AET005_031_a,AET005_031_a,100,10,0,90,110,75,100,255,255,255,255,255,255,0,2,0,0,0,80,0,40,-1,-1,0,0,[0|0|0],,
261,,2,1,1,0,[0|0],0,0.2,AEG098_161,AET005_031_a,AET005_031_a,100,10,0,90,110,100,100,255,255,255,255,255,255,0,2,0,0,0,80,0,40,-1,-1,0,0,[0|0|0],,
262,,11,1,5,0,[0|0],0,5,AEG098_162,AET005_031_a,AET005_031_a,100,30,0,90,110,90,110,255,255,255,255,255,255,0,2,0,0,0,80,0,40,-1,-1,0,0,[0|0|0],,AEG098_170
263,Green Grass Varied,10,1,5,0,[0|0],0,0.7,AEG098_163,AET005_004_a,AET005_004_a,90,30,0,85,110,75,150,255,255,255,255,255,255,0,2,0,0,0,80,0,40,-1,-1,0,0,[0|0|0],AEG098_163,AEG098_163
264,,10,1,5,0,[0|0],0,0.2,AEG098_164,AET005_004_a,AET005_004_a,90,30,0,85,110,75,150,255,255,255,255,255,255,0,2,0,0,0,80,0,40,-1,-1,0,0,[0|0|0],AEG098_164,AEG098_164
265,,10,1,5,0,[0|0],0,1,AEG098_165,AET005_004_a,AET005_004_a,90,30,0,85,110,75,150,255,255,255,255,255,255,0,2,0,0,0,80,0,40,-1,-1,0,0,[0|0|0],AEG098_165,AEG098_165
266,,10,1,5,0,[0|0],0,1,AEG098_166,AET005_004_a,AET005_004_a,90,30,0,85,110,75,150,255,255,255,255,255,255,0,2,0,0,0,80,0,40,-1,-1,0,0,[0|0|0],AEG098_166,AEG098_166
267,,1,1,0,0,[0|0],0,1,AEG098_137,AET005_031_a,AET005_031_a,100,10,0,65,100,95,100,255,255,255,255,255,255,0,1,0,0,1,80,0,40,-1,-1,0,0,[0|0|0],,
268,,0,1,2,0,[0|0],0,1,AEG098_171,AET005_031_a,AET005_031_a,100,30,0,65,100,65,100,255,255,255,255,255,255,0,2,0,0,0,80,0,40,-1,-1,0,0,[0|0|0],,
269,,0,1,2,0,[0|0],0,1,AEG098_172,AET005_031_a,AET005_031_a,100,30,0,65,100,65,100,255,255,255,255,255,255,0,2,0,0,0,80,0,40,-1,-1,0,0,[0|0|0],,
270,,10,1,5,0,[0|0],0,1,AEG098_173,AET005_004_a,AET005_004_a,90,30,0,85,110,75,150,255,255,255,255,255,255,0,2,0,0,0,80,0,40,-1,-1,0,0,[0|0|0],AEG098_173,AEG098_173
271,,10,1,5,0,[0|0],0,1,AEG098_174,AET005_004_a,AET005_004_a,90,30,0,85,110,75,150,255,255,255,255,255,255,0,2,0,0,0,80,0,40,-1,-1,0,0,[0|0|0],AEG098_174,AEG098_174
272,,0,1,5,5,[0|0],0,0.7,AEG098_190,AET005_004_a,AET005_004_a,100,45,0,90,110,90,115,255,255,255,255,255,255,0,2,0,0,0,80,0,40,-1,-1,0,0,[0|0|0],,AEG098_191
273,,0,1,5,5,[0|0],0,0.4,AEG098_192,AET005_004_a,AET005_004_a,100,45,0,90,110,90,115,255,255,255,255,255,255,0,2,0,0,0,80,0,40,-1,-1,0,0,[0|0|0],,AEG098_193
274,,0,1,5,5,[0|0],0,0.5,AEG098_194,AET005_004_a,AET005_004_a,100,45,0,90,110,90,115,255,255,255,255,255,255,0,2,0,0,0,80,0,40,-1,-1,0,0,[0|0|0],,AEG098_195
275,,11,1,0,0,[0|0],0,5,AEG098_196,AET005_031_a,AET005_031_a,100,60,0,90,110,90,110,255,255,255,255,255,255,0,2,0,0,0,80,0,40,-1,-1,0,0,[0|0|0],,
280,Dead Grey Leaves,0,1,2,0,[0|0],0,0.5,AEG098_182,AET005_031_a,AET005_031_a,100,45,0,65,100,95,80,255,255,255,255,255,255,0,1,0,0,0,80,0,40,0,0,0,0,[0|0|0],,
281,Tall Dark-Grey Grass,0,1,2,2,[0|0],0,0.5,AEG098_183,AET240_124_a,AET240_124_a,90,45,5,95,105,95,105,255,255,255,255,255,255,0,2,0,0,0,80,0,40,-1,-1,0,0,[0|0|0],,
282,Short Dark-Grey Grass,0,1,2,2,[0|0],0,0.5,AEG098_184,AET240_124_a,AET240_124_a,90,45,5,95,105,95,105,255,255,255,255,255,255,0,2,0,0,0,80,0,40,-1,-1,0,0,[0|0|0],,
283,,2,1,0,0,[0|0],0,0.5,AEG098_085,AET005_031_a,AET005_031_a,100,30,0,65,100,65,100,255,255,255,255,255,255,0,1,0,0,0,80,0,40,-1,-1,0,0,[0|0|0],,
284,Snow-White Grass,10,1,5,0,[0|0],0,1,AEG001_377,AET005_004_a,AET005_004_a,90,30,0,85,110,75,150,255,255,255,255,255,255,0,2,0,0,0,80,0,40,-1,-1,0,0,[0|0|0],AEG001_377,AEG001_378
285,,0,1,0,0,[0|0],0,0.5,AEG098_178,AET230_886_a,AET230_886_a,100,10,0,65,100,95,80,255,255,255,255,255,255,0,1,0,0,0,80,0,40,-1,-1,0,0,[0|0|0],,
286,,4,1,5,5,[0|0],0,1,AEG098_093,,,100,30,0,70,100,80,100,255,255,255,255,255,255,0,2,0,0,0,80,0,40,-1,-1,0,0,[0|0|0],,AEG098_094
287,,0,1,2,0,[0|0],0,1,AEG098_188,AET270_408_a,AET270_408_a,100,30,0,65,100,65,100,255,255,255,255,255,255,0,2,0,0,0,80,0,40,-1,-1,0,0,[0|0|0],,AEG098_188
288,Feathers,0,1,2,0,[0|0],0,0.5,AEG098_189,AET250_461_a,AET250_461_a,90,30,0,95,105,95,105,255,255,255,255,255,255,0,2,0,0,0,80,0,40,-1,-1,0,0,[0|0|0],,
289,,0,1,0,0,[0|0],0,3,AEG098_072,AET005_031_a,AET005_031_a,100,30,0,65,110,65,110,255,255,255,255,255,255,0,2,0,0,0,80,0,40,-1,-1,0,0,[0|0|0],,
290,,2,1,0,0,[0|0],0,0.5,AEG098_086,AET005_031_a,AET005_031_a,100,30,0,65,100,65,100,255,255,255,255,255,255,0,1,0,0,0,80,0,40,-1,-1,0,0,[0|0|0],,
291,,2,1,0,0,[0|0],0,0.5,AEG001_324,AET005_031_a,AET005_031_a,100,30,0,65,100,65,100,255,255,255,255,255,255,0,1,0,0,0,80,0,40,-1,-1,0,0,[0|0|0],,
292,,2,1,0,0,[0|0],0,0.5,AEG001_329,AET005_031_a,AET005_031_a,100,30,0,65,100,65,100,255,255,255,255,255,255,0,1,0,0,0,80,0,40,-1,-1,0,0,[0|0|0],,
293,,0,1,0,0,[0|0],0,5,AEG098_088,AET005_031_a,AET005_031_a,100,45,0,75,150,75,150,255,255,255,255,255,255,0,2,0,0,0,80,0,40,-1,-1,0,0,[0|0|0],,
294,,2,1,2,0,[0|0],0,0.2,AEG098_197,AET005_031_a,AET005_031_a,100,10,0,90,110,100,100,255,255,255,255,255,255,0,2,0,0,0,80,0,40,-1,-1,0,0,[0|0|0],,
295,Corpses,4,1,5,5,[0|0],0,0.1,AEG098_198,AET270_491_a,AET270_491_a,100,30,0,65,100,65,100,255,255,255,255,255,255,0,2,0,0,0,80,0,40,-1,-1,0,0,[0|0|0],,AEG098_198
296,Rocks,4,1,5,5,[0|0],0,0.1,AEG098_199,,,100,30,0,65,100,65,100,255,255,255,255,255,255,0,2,0,0,0,80,0,40,-1,-1,0,0,[0|0|0],,AEG098_199
297,,10,1,5,0,[0|0],0,0.5,AEG098_089,,,0,0,0,70,100,80,100,180,180,255,255,255,255,0,2,0,0,0,80,0,40,-1,-1,0,0,[0|0|0],,AEG098_095
298,,0,1,2,2,[0|0],0,0.4,AEG098_212,,,90,45,5,95,105,95,105,255,255,255,255,255,255,0,2,0,0,0,80,0,40,-1,-1,0,0,[0|0|0],,
299,,0,1,2,2,[0|0],0,1.4,AEG098_213,,,90,45,5,95,105,95,105,255,255,255,255,255,255,0,2,0,0,0,80,0,40,-1,-1,0,0,[0|0|0],,
300,Yellow Grass,10,1,5,0,[0|0],0,1,AEG210_555,,,90,30,0,85,110,75,150,180,180,255,255,255,255,0,2,0,0,0,80,0,40,-1,-1,0,0,[0|0|0],,AEG210_556
301,,0,1,2,2,[0|0],0,1.4,AEG098_214,,,100,180,5,95,105,95,105,255,255,255,255,255,255,0,2,0,0,0,80,0,40,-1,-1,0,0,[0|0|0],,
302,,2,1,0,0,[0|0],0,1,AEG098_215,AET005_031_a,AET005_031_a,100,5,0,65,100,80,110,255,255,255,255,255,255,0,1,0,0,0,80,0,40,-1,-1,0,0,[0|0|0],,
303,,0,1,4,2,[0|0],0,3,AEG098_113,AET005_004_a,AET005_004_a,100,0,0,80,100,80,100,255,255,255,255,255,255,0,2,0,0,0,80,0,40,-1,-1,0,0,[0|0|0],AEG001_254,AEG001_255
304,,0,1,2,0,[0|0],0,1,AEG040_069,AET005_031_a,AET005_031_a,100,0,0,65,100,65,100,255,255,255,255,255,255,0,2,0,0,0,80,0,40,-1,-1,0,0,[0|0|0],,
305,,0,1,0,0,[0|0],0,5,AEG098_216,AET005_031_a,AET005_031_a,100,15,0,75,100,75,110,255,255,255,255,255,255,0,1,0,0,0,80,0,40,-1,-1,0,0,[0|0|0],,
306,,0,1,4,2,[0|0],0,1,AEG098_300,AET005_004_a,AET005_004_a,100,0,0,80,100,80,100,255,255,255,255,255,255,0,2,0,0,0,80,0,40,-1,-1,0,0,[0|0|0],AEG001_254,AEG001_255
307,,0,1,4,2,[0|0],0,1,AEG098_301,AET005_004_a,AET005_004_a,100,0,0,80,100,80,100,255,255,255,255,255,255,0,2,0,0,0,80,0,40,-1,-1,0,0,[0|0|0],AEG001_254,AEG001_255
308,,0,1,2,0,[0|0],0,1,AEG098_234,AET005_031_a,AET005_031_a,100,30,0,80,100,80,100,255,255,255,255,255,255,0,2,0,0,0,80,0,40,-1,-1,0,0,[0|0|0],,
309,,0,1,2,0,[0|0],0,1,AEG098_235,AET005_031_a,AET005_031_a,100,30,0,65,100,65,100,255,255,255,255,255,255,0,2,0,0,0,80,0,40,-1,-1,0,0,[0|0|0],,
310,,0,1,5,0,[0|0],0,1,AEG001_232,AET005_004_a,AET005_004_a,100,45,0,80,120,80,120,255,255,255,255,255,255,0,2,0,0,0,80,0,40,-1,-1,0,0,[0|0|0],AEG001_232,AEG001_216
311,Golden Leaves,2,1,0,0,[0|0],0,0.4,AEG098_236,AET005_031_a,AET005_031_a,100,60,0,65,100,95,80,255,255,255,255,255,255,0,1,0,0,0,80,0,40,-1,-1,0,0,[0|0|0],,
312,,0,1,4,2,[0|0],0,1,AEG098_237,AET005_004_a,AET005_004_a,100,0,0,80,100,80,100,255,255,255,255,255,255,0,2,0,0,0,80,0,40,-1,-1,0,0,[0|0|0],AEG001_254,AEG001_255
313,,0,1,4,2,[0|0],0,1,AEG098_096,,,100,0,0,80,100,80,100,255,255,255,255,255,255,0,2,0,0,0,80,0,40,-1,-1,0,0,[0|0|0],,
314,,13,1,5,0,[0|0],0,1,AEG098_097,,,100,0,0,80,100,60,120,255,255,255,255,255,255,0,2,0,0,0,80,0,40,-1,-1,0,0,[0|0|0],,AEG098_098
315,,13,1,5,0,[0|0],0,1,AEG098_240,,,100,0,0,80,100,60,100,255,255,255,255,255,255,0,2,0,0,0,80,0,40,-1,-1,0,0,[0|0|0],,AEG098_241
316,,13,1,5,0,[0|0],0,1,AEG098_242,,,100,0,0,80,120,40,80,255,255,255,255,255,255,0,2,0,0,0,80,0,40,-1,-1,0,0,[0|0|0],,AEG098_243
317,Snow-White Grass & Red Flowers,10,1,5,0,[0|0],0,1,AEG001_446,AET005_004_a,AET005_004_a,90,30,0,85,110,75,150,255,255,255,255,255,255,0,2,0,0,0,80,0,40,-1,-1,0,0,[0|0|0],AEG001_377,AEG001_378
318,,0,1,5,0,[0|0],0,1,AEG098_260,AET210_414_a,,100,0,0,80,100,80,100,255,255,255,255,255,255,0,1,0,0,0,80,0,40,-1,-1,0,0,[0|0|0],,AEG098_260
319,,0,1,2,0,[0|0],0,5,AEG098_305,AET005_031_a,AET005_031_a,100,45,0,75,150,75,150,255,255,255,255,255,255,0,2,0,0,0,80,0,40,-1,-1,0,0,[0|0|0],,
320,,10,1,1,0,[0|0],0,0.4,AEG098_261,AET005_004_a,AET005_004_a,90,10,0,100,100,70,100,255,255,255,255,255,255,0,2,0,0,0,80,0,40,-1,-1,0,0,[0|0|0],,
321,,14,1,0,0,[0|0],0,2,AEG098_262,AET005_031_a,AET005_031_a,100,15,0,75,100,75,110,255,255,255,255,255,255,0,1,0,0,0,80,0,40,-1,-1,0,0,[0|0|0],,
322,Grey Plants,10,1,1,0,[0|0],0,0.7,AEG098_263,AET005_004_a,AET005_004_a,90,10,0,70,100,70,100,255,255,255,255,255,255,0,2,0,0,0,80,0,40,-1,-1,0,0,[0|0|0],,
323,Mushrooms,0,1,2,0,[0|0],0,1.5,AEG098_265,AET005_031_a,AET005_031_a,100,0,0,80,100,80,100,255,255,255,255,255,255,0,2,0,0,0,80,0,40,-1,-1,0,0,[0|0|0],,
324,,14,1,2,0,[0|0],0,3,AEG098_264,,,100,30,0,65,110,65,110,255,255,255,255,255,255,0,2,0,0,0,80,0,40,-1,-1,0,0,[0|0|0],,AEG098_264
325,,10,1,1,0,[0|0],0,0.7,AEG098_244,AET005_004_a,AET005_004_a,90,10,0,100,100,50,100,255,255,255,255,255,255,0,2,0,0,0,80,0,40,-1,-1,0,0,[0|0|0],AEG001_254,AEG001_255
326,Glintstone Fragments,0,1,2,0,[0|0],0,3,AEG098_245,,,100,30,0,65,110,65,110,255,255,255,255,255,255,0,2,0,0,0,80,0,40,-1,-1,0,0,[0|0|0],,
327,,0,1,5,0,[0|0],0,1,AEG098_246,AET005_004_a,AET005_004_a,100,45,0,80,100,80,100,255,255,255,255,255,255,0,2,0,0,0,80,0,40,-1,-1,0,0,[0|0|0],AEG098_246,AEG001_216
328,,10,1,1,0,[0|0],0,0.7,AEG098_247,AET005_004_a,AET005_004_a,90,10,0,100,100,50,100,255,255,255,255,255,255,0,2,0,0,0,80,0,40,-1,-1,0,0,[0|0|0],AEG001_254,AEG001_255
329,,0,1,5,0,[0|0],0,1,AEG098_238,AET005_004_a,AET005_004_a,100,30,0,80,100,80,100,255,255,255,255,255,255,0,2,0,0,0,80,0,40,-1,-1,0,0,[0|0|0],AEG001_254,AEG001_255
330,,0,1,5,0,[0|0],0,1,AEG098_248,AET005_004_a,AET005_004_a,100,45,0,80,120,80,120,255,255,255,255,255,255,0,2,0,0,0,80,0,40,-1,-1,0,0,[0|0|0],AEG098_248,AEG001_216
331,,0,1,5,0,[0|0],0,1,AEG098_249,AET005_004_a,AET005_004_a,100,45,0,80,120,80,120,255,255,255,255,255,255,0,2,0,0,0,80,0,40,-1,-1,0,0,[0|0|0],AEG098_249,AEG001_216
332,,0,1,5,0,[0|0],0,1,AEG098_255,AET005_004_a,AET005_004_a,100,45,0,80,120,80,120,255,255,255,255,255,255,0,2,0,0,0,80,0,40,-1,-1,0,0,[0|0|0],AEG098_255,AEG001_216
333,,0,1,5,0,[0|0],0,1,AEG098_251,AET005_004_a,AET005_004_a,100,45,0,80,120,80,120,255,255,255,255,255,255,0,2,0,0,0,80,0,40,-1,-1,0,0,[0|0|0],AEG098_251,AEG001_216
334,,0,1,5,0,[0|0],0,1,AEG098_252,AET005_004_a,AET005_004_a,100,45,0,80,120,80,120,255,255,255,255,255,255,0,2,0,0,0,80,0,40,-1,-1,0,0,[0|0|0],AEG098_252,AEG001_216
335,,0,1,5,0,[0|0],0,1,AEG098_253,AET005_004_a,AET005_004_a,100,45,0,80,120,80,120,255,255,255,255,255,255,0,2,0,0,0,80,0,40,-1,-1,0,0,[0|0|0],AEG098_253,AEG001_216
336,,0,1,5,0,[0|0],0,1,AEG098_254,AET005_004_a,AET005_004_a,100,45,0,80,120,80,120,255,255,255,255,255,255,0,2,0,0,0,80,0,40,-1,-1,0,0,[0|0|0],AEG098_254,AEG001_216
337,Small Pebbles,14,1,2,0,[0|0],0,0.7,AEG098_156,AET005_031_a,AET005_031_a,100,30,0,30,160,90,130,255,255,255,255,255,255,0,2,0,0,0,80,0,40,-1,-1,0,0,[0|0|0],,
338,Green Grass Varied,14,1,5,0,[0|0],0,0.5,AEG098_163,AET005_004_a,AET005_004_a,90,30,0,85,110,75,150,255,255,255,255,255,255,0,2,0,0,0,80,0,40,-1,-1,0,0,[0|0|0],AEG098_163,AEG098_163
339,Cattail Plants,14,1,5,0,[0|0],0,0.7,AEG098_165,AET005_004_a,AET005_004_a,90,30,0,85,110,75,150,255,255,255,255,255,255,0,2,0,0,0,80,0,40,-1,-1,0,0,[0|0|0],AEG098_165,AEG098_165
340,Clovers,14,1,5,0,[0|0],0,0.7,AEG098_166,AET005_004_a,AET005_004_a,90,30,0,85,110,75,150,255,255,255,255,255,255,0,2,0,0,0,80,0,40,-1,-1,0,0,[0|0|0],AEG098_166,AEG098_166
342,Yellow & Orange Grass,10,1,5,0,[0|0],0,0.5,AEG001_342,AET005_004_a,AET005_004_a,90,30,0,100,125,100,150,255,180,180,255,255,255,0,2,0,0,0,80,0,40,-1,-1,0,0,[0|0|0],AEG001_342,AEG001_231
343,Orange Grass Patches,10,1,5,0,[0|0],0,0.5,AEG001_344,AET005_004_a,AET005_004_a,90,30,0,85,115,20,105,255,180,180,255,255,255,0,2,0,0,0,80,0,40,-1,-1,0,0,[0|0|0],AEG001_344,AEG001_231
344,,0,1,2,0,[0|0],0,1.5,AEG098_020,AET005_031_a,AET005_031_a,100,30,0,90,100,90,110,255,255,255,255,255,255,0,6,0,0,0,80,0,40,-1,-1,0,0,[0|0|0],,
345,,0,1,0,0,[0|0],0,1,AEG098_280,AET230_557_a,AET230_557_a,90,45,5,95,105,95,105,255,255,255,255,255,255,0,2,0,0,0,80,0,40,-1,-1,0,0,[0|0|0],,
346,,0,1,5,0,[0|0],0,1,AEG098_306,AET005_004_a,AET005_004_a,100,0,0,80,100,80,100,255,255,255,255,255,255,0,2,0,0,0,80,0,40,-1,-1,0,0,[0|0|0],AEG001_254,AEG001_255
347,,0,1,2,0,[0|0],0,2,AEG098_310,AET005_031_a,AET005_031_a,100,45,0,75,150,75,150,255,255,255,255,255,255,0,2,0,0,0,80,0,40,-1,-1,0,0,[0|0|0],,
348,,0,1,2,0,[0|0],0,2,AEG098_311,AET005_031_a,AET005_031_a,100,45,0,75,150,75,150,255,255,255,255,255,255,0,2,0,0,0,80,0,40,-1,-1,0,0,[0|0|0],,
349,Dark-Grey Grass & Grey Flowers,14,1,5,0,[0|0],0,0.7,AEG098_270,AET005_004_a,AET005_004_a,90,30,0,85,110,75,150,255,255,255,255,255,255,0,2,0,0,0,80,0,40,-1,-1,0,0,[0|0|0],AEG098_270,AEG098_270
350,,0,1,2,0,[0|0],0,1.5,AEG098_271,AET005_031_a,AET005_031_a,100,0,0,80,100,80,100,255,255,255,255,255,255,0,2,0,0,0,80,0,40,-1,-1,0,0,[0|0|0],,
351,,0,1,5,0,[0|0],0,1,AEG098_256,AET005_004_a,AET005_004_a,100,45,0,80,120,80,120,255,255,255,255,255,255,0,2,0,0,0,80,0,40,-1,-1,0,0,[0|0|0],AEG098_248,AEG001_216
352,,0,1,5,0,[0|0],0,1,AEG098_272,AET002_594_a,AET002_594_a,100,45,0,100,125,100,150,255,255,255,255,255,255,0,2,0,0,0,80,0,40,-1,-1,0,0,[0|0|0],,
353,,0,1,5,0,[0|0],0,1,AEG098_273,AET002_595_a,AET002_595_a,100,45,0,95,105,95,105,255,255,255,255,255,255,0,2,0,0,0,80,0,40,-1,-1,0,0,[0|0|0],,
354,,0,1,2,0,[0|0],0,1.5,AEG098_020,AET005_031_a,AET005_031_a,100,30,0,90,100,90,110,255,255,255,255,255,255,0,6,0,0,0,80,0,40,-1,-1,0,0,[0|0|0],,
355,,0,1,2,0,[0|0],0,1,AEG098_257,,,100,30,0,65,110,65,110,255,255,255,255,255,255,0,2,0,0,0,80,0,40,-1,-1,0,0,[0|0|0],,
356,,2,1,5,0,[0|0],0,2.5,AEG098_062,AET005_004_a,AET005_004_a,90,60,0,95,105,95,105,255,255,255,255,255,255,0,2,0,0,0,80,0,40,-1,-1,0,0,[0|0|0],,AEG098_176
357,,11,1,5,0,[0|0],0,4,AEG098_066,AET005_004_a,AET005_004_a,90,60,0,95,105,95,105,255,255,255,255,255,255,0,2,0,0,0,80,0,40,-1,-1,0,0,[0|0|0],,AEG098_175
358,Short Dark-Green Grass,14,1,5,0,[0|0],0,0.8,AEG001_315,AET005_004_a,AET005_004_a,90,30,0,85,110,75,150,255,255,255,255,255,255,0,2,0,0,0,80,0,40,-1,-1,0,0,[0|0|0],AEG001_315,AEG001_316
359,,14,1,1,0,[0|0],0,0.2,AEG001_302,AET005_004_a,AET005_004_a,90,10,0,100,100,50,100,255,255,255,255,255,255,0,2,0,0,0,80,0,40,-1,-1,0,0,[0|0|0],AEG001_302,AEG001_302
360,,14,1,1,0,[0|0],0,0.15,AEG001_305,AET005_004_a,AET005_004_a,90,10,0,100,100,70,100,255,255,255,255,255,255,0,2,0,0,0,80,0,40,-1,-1,0,0,[0|0|0],AEG001_305,AEG001_305
361,Dark-Green Grass,14,1,1,0,[0|0],0,0.2,AEG001_335,AET005_004_a,AET005_004_a,90,10,0,100,100,50,100,255,255,255,255,255,255,0,2,0,0,0,80,0,40,-1,-1,0,0,[0|0|0],AEG001_335,AEG001_335
362,Blue Flowers,14,1,5,0,[0|0],0,0.2,AEG001_336,AET005_004_a,AET005_004_a,90,10,0,100,100,50,100,255,255,255,255,255,255,0,2,0,0,0,80,0,40,-1,-1,0,0,[0|0|0],AEG001_254,AEG001_536
363,Pebbles,14,1,2,0,[0|0],0,0.3,AEG098_020,AET005_031_a,AET005_031_a,100,30,0,90,100,90,110,255,255,255,255,255,255,0,6,0,0,0,80,0,40,-1,-1,0,0,[0|0|0],,
364,Small Pebbles,14,1,2,0,[0|0],0,0.2,AEG098_026,AET005_031_a,AET005_031_a,100,30,0,65,100,65,100,255,255,255,255,255,255,0,2,0,0,0,80,0,40,-1,-1,0,0,[0|0|0],,
365,Rocks,14,1,1,0,[0|0],0,0.2,AEG098_028,AET005_031_a,AET005_031_a,100,30,0,65,100,65,100,255,255,255,255,255,255,0,2,0,0,0,80,0,40,-1,-1,0,0,[0|0|0],,
366,Bricks,14,1,1,0,[0|0],0,0.7,AEG098_022,AET005_031_a,AET005_031_a,100,30,0,65,100,65,100,255,255,255,255,255,255,0,2,0,0,0,80,0,40,-1,-1,0,0,[0|0|0],,
367,Green Grass Varied,14,1,5,0,[0|0],0,0.3,AEG098_163,AET005_004_a,AET005_004_a,90,30,0,85,110,75,150,255,255,255,255,255,255,0,2,0,0,0,80,0,40,-1,-1,0,0,[0|0|0],AEG098_163,AEG098_163
407,Green Grass,10,1,5,0,[0|0],0,0.5,AEG001_254,AET005_004_a,AET005_004_a,90,30,0,85,110,75,150,180,180,255,255,255,255,0,2,0,0,0,80,0,40,-1,-1,0,0,[0|0|0],AEG001_254,AEG001_255
408,Tall Green Grass,11,1,5,0,[0|0],0,0.5,AEG001_245,AET005_004_a,AET005_004_a,90,30,0,60,110,20,105,180,180,100,255,255,255,0,2,0,0,0,80,0,40,-1,-1,0,0,[0|0|0],AEG001_284,AEG001_256
442,Orange & Yellow Grass,10,1,5,0,[0|0],0,0.5,AEG001_342,AET005_004_a,AET005_004_a,90,30,0,100,125,100,150,255,180,180,255,255,255,0,2,0,0,0,80,0,40,-1,-1,0,0,[0|0|0],AEG001_342,AEG001_231
443,Orange & Yellow Grass Patches,10,1,5,0,[0|0],0,0.5,AEG001_344,AET005_004_a,AET005_004_a,90,30,0,85,115,20,105,255,180,180,255,255,255,0,2,0,0,0,80,0,40,-1,-1,0,0,[0|0|0],AEG001_344,AEG001_231
500,,210,1,5,5,[0|0],0,2.5,AEG098_312,AET005_004_a,AET005_004_a,90,30,0,90,110,55,120,180,180,255,255,255,255,0,2,0,0,0,80,0,40,-1,-1,0,0,[0|0|0],AEG001_061,AEG001_062
501,,11,1,5,0,[0|0],0,1,AEG098_313,AET005_004_a,AET005_004_a,90,30,0,60,110,20,105,180,180,100,255,255,255,0,2,0,0,0,80,0,40,-1,-1,0,0,[0|0|0],,
502,,0,1,5,0,[0|0],0,1,AEG098_314,AET005_004_a,AET005_004_a,100,0,0,80,100,80,100,255,255,255,255,255,255,0,2,0,0,0,80,0,40,-1,-1,0,0,[0|0|0],AEG001_254,AEG001_255
503,,0,1,3,2,[0|0],0,1,AEG098_315,AET005_004_a,AET005_004_a,90,30,10,90,120,90,130,255,255,255,255,255,255,0,3,0,0,1,80,0,40,-1,-1,0,0,[0|0|0],,
1000,,2,1,4,2,[0|0],0,1,AEG001_265,AET005_004_a,AET005_043_a,90,30,0,95,105,95,105,255,255,255,255,255,255,0,2,0,0,0,80,0,40,-1,-1,0,0,[0|0|0],AEG001_287,
1001,,10,1,5,0,[0|0],0,1,AEG400_685,,,90,30,0,90,130,85,115,255,180,180,255,255,255,0,2,0,0,0,80,0,40,-1,-1,0,0,[0|0|0],,AEG400_687
1002,,11,1,5,0,[0|0],0,1,AEG400_686,,,90,30,0,90,130,85,115,255,180,180,255,255,255,0,2,0,0,0,80,0,40,-1,-1,0,0,[0|0|0],,AEG400_688
1007,,2,1,4,2,[0|0],0,1,AEG001_241,AET005_004_a,AET005_004_a,90,30,0,95,105,95,105,255,255,255,255,255,255,0,2,0,0,0,80,0,40,-1,-1,0,0,[0|0|0],AEG001_284,
2000,,310,1,5,0,[0|0],0,0.4,AEG460_001,,,90,30,0,90,110,55,120,175,155,125,255,255,255,0,2,0,0,0,80,0,40,0,10,0,0,[0|0|0],,AEG461_001
2001,,311,1,0,0,[0|0],0,1,AEG460_004,,,90,30,0,60,110,20,105,180,180,100,255,255,255,0,2,0,0,0,80,0,40,-1,-1,0,0,[0|0|0],,
2002,,310,1,5,0,[0|0],0,1,AEG995_044,,,90,10,0,90,120,90,120,255,255,255,255,255,255,0,2,0,0,0,80,0,40,-1,-1,0,0,[0|0|0],,AEG995_069
2003,,310,1,5,0,[0|0],0,1,AEG995_087,,,90,10,0,75,90,50,90,180,140,120,255,255,255,0,2,0,0,0,80,0,40,-1,-1,0,0,[0|0|0],,AEG995_088
2006,,111,1,5,2,[0|0],0,1.5,AEG460_006,,,90,30,0,85,110,75,150,180,180,255,255,255,255,0,2,0,0,0,80,0,40,90,30,0,0,[0|0|0],,AEG461_004
2007,,311,1,0,0,[0|0],0,1,AEG995_084,,,90,30,0,60,110,20,105,180,180,100,255,255,255,0,2,0,0,0,80,0,40,-1,-1,0,0,[0|0|0],,
2008,,111,1,5,4,[0|0],0,1.5,AEG460_006,,,90,30,0,85,110,75,150,180,180,255,255,255,255,0,2,0,0,0,80,0,40,90,30,0,0,[0|0|0],,AEG461_004
2009,,310,1,1,0,[0|0],0,1,AEG460_008,,,90,30,0,85,100,85,100,190,230,255,128,255,128,0,2,0,0,0,80,0,40,-1,-1,0,0,[0|0|0],,
2010,,316,5,5,0,[0|0],0,0.05,AEG460_009,,,90,30,0,80,120,60,170,255,190,145,0,0,255,0,2,0,0,0,80,0,40,-1,-1,0,0,[0|0|0],,AEG461_006
2011,,310,1,1,0,[0|0],0,1,AEG995_152,,,90,30,0,85,115,85,115,255,255,255,255,255,255,0,2,0,0,0,80,0,40,-1,-1,0,0,[0|0|0],,
2012,,310,1,1,0,[0|0],0,1,AEG995_160,,,90,30,0,85,115,85,115,255,255,255,255,255,255,0,2,0,0,0,80,0,40,-1,-1,0,0,[0|0|0],,
2013,,311,1,0,0,[0|0],0,2,AEG460_012,,,90,30,0,60,110,20,105,180,180,100,255,255,255,0,2,0,0,0,80,0,40,-1,-1,0,0,[0|0|0],,
2014,,10,1,1,0,[0|0],0,0.5,AEG995_163,,,90,30,0,85,115,85,115,255,255,255,255,255,255,0,2,0,0,0,80,0,40,-1,-1,0,0,[0|0|0],,
2015,,10,1,1,0,[0|0],0,1,AEG995_164,,,90,30,0,85,115,85,115,255,255,255,255,255,255,0,2,0,0,0,80,0,40,-1,-1,0,0,[0|0|0],,
2016,,310,1,5,0,[0|0],0,1,AEG460_013,,,90,30,0,85,110,75,150,255,255,50,255,255,255,0,2,0,0,0,80,0,40,-1,-1,0,0,[0|0|0],,AEG461_007
2017,,310,1,5,0,[0|0],0,1,AEG460_014,,,90,30,0,85,115,85,115,255,255,255,255,255,255,0,2,0,0,0,80,0,40,-1,-1,0,0,[0|0|0],,AEG461_008
2018,,310,1,5,0,[0|0],0,1.5,AEG460_015,,,90,30,0,85,110,70,150,50,150,255,255,255,255,0,2,0,0,0,80,0,40,-1,-1,0,0,[0|0|0],,AEG461_009
2019,,310,1,5,0,[0|0],0,1,AEG460_016,,,100,45,0,85,110,60,120,255,210,255,255,255,255,0,2,0,0,0,80,0,40,-1,-1,0,0,[0|0|0],,AEG461_010
2020,,314,1,5,0,[0|0],0,0.8,AEG460_010,,,90,30,0,90,110,55,120,100,100,100,255,255,255,0,2,0,0,0,80,0,40,0,10,0,0,[0|0|0],,AEG461_001
2021,,320,1,0,0,[0|0],0,0.4,AEG460_002,,,90,10,0,90,120,90,120,255,255,255,255,255,255,0,2,0,0,0,80,0,40,-1,-1,0,0,[0|0|0],,
2022,,310,1,5,5,[0|0],0,1,AEG460_018,,,90,30,0,85,115,85,115,50,150,255,255,255,255,0,2,0,0,0,80,0,40,-1,-1,0,0,[0|0|0],,AEG461_012
2023,,310,1,5,5,[0|0],0,1,AEG460_019,,,90,30,0,85,115,85,115,50,150,255,255,255,255,0,2,0,0,0,80,0,40,-1,-1,0,0,[0|0|0],,AEG461_013
2024,,318,0,0,0,[0|0],0,0.1,AEG461_025,,,90,30,0,90,120,90,120,255,255,255,255,255,255,0,2,0,0,0,80,0,40,0,10,0,0,[0|0|0],,
2025,,310,1,1,0,[0|0],0,1,AEG460_020,,,90,10,0,90,120,90,120,255,255,255,255,255,255,0,2,0,0,0,80,0,40,-1,-1,0,0,[0|0|0],,
2026,,311,1,5,5,[0|0],0,1,AEG460_017,,,90,30,0,85,115,85,115,255,255,255,255,255,255,0,2,0,0,0,80,0,40,-1,-1,0,0,[0|0|0],,AEG461_011
2027,,310,1,5,0,[0|0],0,1,AEG460_025,,,90,30,0,60,110,20,105,180,180,100,255,255,255,0,2,0,0,0,80,0,40,-1,-1,0,0,[0|0|0],,AEG461_018
2028,,318,0,0,0,[0|0],0,0.1,AEG461_014,,,90,10,0,90,120,90,120,255,255,255,255,255,255,0,2,0,0,0,80,0,40,-1,-1,0,0,[0|0|0],,
2029,,310,1,5,0,[0|0],0,1,AEG460_066,,,90,10,0,90,120,80,100,255,255,255,255,255,255,0,2,0,0,0,80,0,40,-1,-1,0,0,[0|0|0],,AEG461_027
2030,,110,1,5,5,[0|0],0,1,AEG460_070,,,90,30,0,85,115,85,115,255,255,255,255,255,255,0,2,0,0,0,80,0,40,-1,-1,0,0,[0|0|0],,AEG461_036
2031,,110,1,1,5,[0|0],0,0.7,AEG460_087,,,90,10,0,100,100,60,100,255,255,255,255,255,255,0,2,0,0,0,80,0,40,-1,-1,0,0,[0|0|0],,AEG461_044
2032,,311,1,1,0,[0|0],0,2,AEG997_837,,,90,30,0,60,110,20,105,180,180,100,255,255,255,0,2,0,0,0,80,0,40,-1,-1,0,0,[0|0|0],,
2034,,311,1,0,0,[0|0],0,5,AEG460_021,,,100,45,0,75,150,75,150,255,255,255,255,255,255,0,2,0,0,0,80,0,40,-1,-1,0,0,[0|0|0],,
2035,,310,1,0,0,[0|0],0,5,AEG460_023,,,100,45,0,75,150,75,150,255,255,255,255,255,255,0,2,0,0,0,80,0,40,-1,-1,0,0,[0|0|0],,
2036,,310,1,5,0,[0|0],0,1,AEG460_026,,,90,30,0,60,110,20,105,180,180,100,255,255,255,0,2,0,0,0,80,0,40,-1,-1,0,0,[0|0|0],,AEG460_026
2037,,310,1,5,0,[0|0],0,1,AEG460_027,,,90,30,0,60,110,20,105,180,180,100,255,255,255,0,2,0,0,0,80,0,40,-1,-1,0,0,[0|0|0],,AEG460_027
2038,,0,1,2,0,[0|0],0,1,AEG460_024,,,100,30,0,65,100,95,100,255,255,255,255,255,255,0,2,0,0,0,80,0,40,-1,-1,0,0,[0|0|0],,
2039,,0,1,2,0,[0|0],0,1,AEG460_028,,,100,30,0,65,100,95,100,255,255,255,255,255,255,0,2,0,0,0,80,0,40,-1,-1,0,0,[0|0|0],,
2040,,10,1,5,0,[0|0],0,1,AEG460_030,,,90,30,0,90,110,55,120,175,155,125,255,255,255,0,2,0,0,0,80,0,40,-1,-1,0,0,[0|0|0],,AEG461_015
2041,,11,1,5,0,[0|0],0,1,AEG460_031,,,90,30,0,60,110,20,105,180,180,100,255,255,255,0,2,0,0,0,80,0,40,-1,-1,0,0,[0|0|0],,AEG461_015
2042,,11,1,1,0,[0|0],0,0.2,AEG460_032,,,90,10,0,100,100,50,100,255,255,255,255,255,255,0,2,0,0,0,80,0,40,-1,-1,0,0,[0|0|0],,AEG460_032
2043,,110,1,1,5,[0|0],0,0.15,AEG460_033,,,90,10,0,100,100,60,100,255,255,255,255,255,255,0,2,0,0,0,80,0,40,-1,-1,0,0,[0|0|0],,AEG461_028
2044,,110,1,1,5,[0|0],0,0.15,AEG460_034,,,90,10,0,100,100,60,100,255,255,255,255,255,255,0,2,0,0,0,80,0,40,-1,-1,0,0,[0|0|0],,AEG461_029
2045,,111,1,1,5,[0|0],0,0.15,AEG460_035,,,90,10,0,100,100,50,100,255,255,255,255,255,255,0,2,0,0,0,80,0,40,-1,-1,0,0,[0|0|0],,AEG461_030
2046,,10,1,5,5,[0|0],0,1,AEG460_036,,,100,45,0,90,110,55,120,175,155,125,255,255,255,0,2,0,0,0,80,0,40,-1,-1,0,0,[0|0|0],,AEG461_016
2047,,11,1,5,5,[0|0],0,1,AEG460_037,,,100,45,0,60,110,20,105,180,180,100,255,255,255,0,2,0,0,0,80,0,40,-1,-1,0,0,[0|0|0],,AEG461_016
2048,,11,1,5,0,[0|0],0,1,AEG460_038,,,90,30,0,60,110,20,105,180,180,100,255,255,255,0,2,0,0,0,80,0,40,-1,-1,0,0,[0|0|0],,
2049,,11,1,5,0,[0|0],0,1,AEG460_036,,,90,30,0,60,110,20,105,180,180,100,255,255,255,0,2,0,0,0,80,0,40,-1,-1,0,0,[0|0|0],,
2050,,11,1,5,0,[0|0],0,1,AEG460_036,,,90,30,0,60,110,20,105,180,180,100,255,255,255,0,2,0,0,0,80,0,40,-1,-1,0,0,[0|0|0],,
2051,,110,1,5,5,[0|0],0,1,AEG460_040,,,90,30,0,85,110,75,150,180,180,255,255,255,255,0,2,0,0,0,80,0,40,-1,-1,0,0,[0|0|0],,AEG461_017
2052,,111,1,5,5,[0|0],0,1,AEG460_041,,,90,30,0,60,110,20,105,180,180,100,255,255,255,0,2,0,0,0,80,0,40,-1,-1,0,0,[0|0|0],,AEG461_017
2053,,111,1,5,0,[0|0],0,1,AEG460_036,,,90,30,0,60,110,20,105,180,180,100,255,255,255,0,2,0,0,0,80,0,40,-1,-1,0,0,[0|0|0],,
2054,,10,1,5,0,[0|0],0,0.5,AEG460_042,,,0,0,0,70,100,80,100,180,180,255,255,255,255,0,2,0,0,0,80,0,40,-1,-1,0,0,[0|0|0],,AEG461_019
2055,,111,1,0,0,[0|0],0,5,AEG460_043,,,100,45,0,75,150,75,150,255,255,255,255,255,255,0,2,0,0,0,80,0,40,-1,-1,0,0,[0|0|0],,
2056,,111,1,0,0,[0|0],0,5,AEG460_044,,,100,45,0,75,150,75,150,255,255,255,255,255,255,0,2,0,0,0,80,0,40,-1,-1,0,0,[0|0|0],,
2057,,110,1,1,5,[0|0],0,0.15,AEG460_045,,,90,10,0,100,100,60,100,255,255,255,255,255,255,0,2,0,0,0,80,0,40,-1,-1,0,0,[0|0|0],,AEG461_020
2058,,110,1,1,5,[0|0],0,0.15,AEG460_046,,,90,10,0,100,100,60,100,255,255,255,255,255,255,0,2,0,0,0,80,0,40,-1,-1,0,0,[0|0|0],,AEG461_021
2059,,110,1,1,5,[0|0],0,0.15,AEG460_047,,,90,10,0,100,100,50,100,255,255,255,255,255,255,0,2,0,0,0,80,0,40,-1,-1,0,0,[0|0|0],,AEG461_022
2062,,111,1,5,0,[0|0],0,1,AEG460_053,,,90,30,0,75,125,75,125,255,255,255,255,255,255,0,2,0,0,0,80,0,40,-1,-1,0,0,[0|0|0],,AEG461_033
2063,,111,1,5,5,[0|0],0,1,AEG460_051,,,90,30,0,80,120,80,120,255,255,255,255,255,255,0,2,0,0,0,80,0,40,-1,-1,0,0,[0|0|0],,AEG461_031
2064,,111,1,5,5,[0|0],0,1,AEG460_052,,,90,30,0,80,120,60,100,255,255,255,255,255,255,0,2,0,0,0,80,0,40,-1,-1,0,0,[0|0|0],,AEG461_032
2065,,10,1,5,0,[0|0],0,1,AEG460_055,,,100,45,0,100,125,100,150,255,180,180,255,255,255,0,2,0,0,0,80,0,40,-1,-1,0,0,[0|0|0],,AEG461_026
2066,,10,1,5,0,[0|0],0,1,AEG460_056,,,100,45,0,85,115,20,105,255,180,180,255,255,255,0,2,0,0,0,80,0,40,-1,-1,0,0,[0|0|0],,AEG461_026
2067,,4,1,0,0,[0|0],0,0.7,AEG460_057,,,100,45,0,80,130,100,100,255,255,255,255,255,255,0,2,0,0,0,80,0,40,-1,-1,0,0,[0|0|0],,
2068,,10,1,1,0,[0|0],0,0.7,AEG460_058,,,100,45,0,100,100,50,100,255,255,255,255,255,255,0,2,0,0,0,80,0,40,-1,-1,0,0,[0|0|0],,
2069,,10,1,1,0,[0|0],0,0.7,AEG460_059,,,100,45,0,100,100,50,100,255,255,255,255,255,255,0,2,0,0,0,80,0,40,-1,-1,0,0,[0|0|0],,
2070,,310,1,5,0,[0|0],0,1,AEG460_060,,,90,30,0,60,110,20,105,180,180,100,255,255,255,0,2,0,0,0,80,0,40,-1,-1,0,0,[0|0|0],,AEG460_060
2071,,310,1,5,0,[0|0],0,1,AEG460_061,,,90,30,0,60,110,20,105,180,180,100,255,255,255,0,2,0,0,0,80,0,40,-1,-1,0,0,[0|0|0],,AEG460_061
2072,,310,1,5,0,[0|0],0,1,AEG460_062,,,90,30,0,60,110,20,105,180,180,100,255,255,255,0,2,0,0,0,80,0,40,-1,-1,0,0,[0|0|0],,AEG460_062
2073,,311,1,5,0,[0|0],0,0.15,AEG460_063,,,90,10,0,100,100,60,100,255,255,255,255,255,255,0,2,0,0,0,80,0,40,-1,-1,0,0,[0|0|0],,AEG460_063
2074,,311,1,5,0,[0|0],0,0.15,AEG460_064,,,90,10,0,100,100,60,100,255,255,255,255,255,255,0,2,0,0,0,80,0,40,-1,-1,0,0,[0|0|0],,AEG460_064
2075,,311,1,5,0,[0|0],0,0.15,AEG460_065,,,90,10,0,100,100,50,100,255,255,255,255,255,255,0,2,0,0,0,80,0,40,-1,-1,0,0,[0|0|0],,AEG460_065
2076,,0,1,0,0,[0|0],0,1,AEG460_067,,,100,45,0,75,150,75,150,255,255,255,255,255,255,0,2,0,0,0,80,0,40,-1,-1,0,0,[0|0|0],,AEG460_067
2077,,311,1,5,0,[0|0],0,0.15,AEG460_054,,,90,10,0,100,100,60,100,255,255,255,255,255,255,0,2,0,0,0,80,0,40,-1,-1,0,0,[0|0|0],,AEG460_054
2078,,10,1,5,0,[0|0],0,0.5,AEG460_071,,,0,0,0,70,100,80,100,180,180,255,255,255,255,0,2,0,0,0,80,0,40,-1,-1,0,0,[0|0|0],,AEG460_071
2079,,310,1,1,1,[0|0],0,1,AEG460_072,,,100,45,0,85,110,60,120,255,210,255,255,255,255,0,2,0,0,0,80,0,40,-1,-1,0,0,[0|0|0],,AEG461_038
2080,,310,1,5,0,[0|0],0,1,AEG460_073,,,100,45,0,85,110,60,120,255,210,255,255,255,255,0,2,0,0,0,80,0,40,-1,-1,0,0,[0|0|0],,
2081,,310,1,5,0,[0|0],0,1,AEG460_074,,,100,45,0,85,110,60,120,255,210,255,255,255,255,0,2,0,0,0,80,0,40,-1,-1,0,0,[0|0|0],,
2082,,0,1,2,0,[0|0],0,1,AEG461_039,,,100,30,0,65,100,95,100,255,255,255,255,255,255,0,2,0,0,0,80,0,40,-1,-1,0,0,[0|0|0],,
2083,,0,1,2,0,[0|0],0,1,AEG461_040,,,100,30,0,65,100,95,100,255,255,255,255,255,255,0,2,0,0,0,80,0,40,-1,-1,0,0,[0|0|0],,
2084,,10,1,1,0,[0|0],0,0.7,AEG460_075,,,100,45,0,100,100,50,100,255,255,255,255,255,255,0,2,0,0,0,80,0,40,-1,-1,0,0,[0|0|0],,
2085,,10,1,1,0,[0|0],0,0.7,AEG460_076,,,100,45,0,100,100,50,100,255,255,255,255,255,255,0,2,0,0,0,80,0,40,-1,-1,0,0,[0|0|0],,
2086,,10,1,5,0,[0|0],0,1,AEG460_077,,,100,45,0,100,125,100,150,255,180,180,255,255,255,0,2,0,0,0,80,0,40,-1,-1,0,0,[0|0|0],,AEG461_041
2087,,10,1,5,0,[0|0],0,1,AEG460_078,,,100,45,0,85,115,20,105,255,180,180,255,255,255,0,2,0,0,0,80,0,40,-1,-1,0,0,[0|0|0],,AEG461_041
2088,,10,1,5,0,[0|0],0,1,AEG460_079,,,100,45,0,100,125,100,150,255,180,180,255,255,255,0,2,0,0,0,80,0,40,-1,-1,0,0,[0|0|0],,AEG461_041
2089,,310,1,5,0,[0|0],0,0.7,AEG460_081,,,100,45,0,80,130,100,100,255,255,255,255,255,255,0,2,0,0,0,80,0,40,-1,-1,0,0,[0|0|0],,AEG461_042
2090,,0,1,5,0,[0|0],0,1,AEG098_120,,,100,30,0,65,100,95,100,255,255,255,255,255,255,0,2,0,0,0,80,0,40,-1,-1,0,0,[0|0|0],,
2091,,0,1,2,0,[0|0],0,1,AEG098_007,,,100,30,0,65,100,95,100,255,255,255,255,255,255,0,2,0,0,0,80,0,40,-1,-1,0,0,[0|0|0],,
2092,,313,1,5,0,[0|0],0,1,AEG460_082,,,90,30,0,90,110,55,120,100,100,100,255,255,255,0,2,0,0,0,80,0,40,0,10,0,0,[0|0|0],,AEG461_001
2093,,0,1,5,0,[0|0],0,1,AEG460_083,,,100,45,0,80,120,80,120,255,255,255,255,255,255,0,2,0,0,0,80,0,40,-1,-1,0,0,[0|0|0],,AEG461_043
2094,,110,1,5,0,[0|0],0,1,AEG460_084,,,100,30,0,65,110,65,110,255,255,255,255,255,255,0,2,0,0,0,80,0,40,-1,-1,0,0,[0|0|0],,AEG461_054
2095,,110,1,5,0,[0|0],0,1,AEG460_085,,,100,30,0,65,100,95,80,255,255,255,255,255,255,0,1,0,0,0,80,0,40,-1,-1,0,0,[0|0|0],,AEG461_055
2096,,110,1,1,0,[0|0],0,2,AEG460_086,,,100,45,0,75,150,75,150,255,255,255,255,255,255,0,2,0,0,0,80,0,40,-1,-1,0,0,[0|0|0],,AEG461_056
2097,,4,1,0,0,[0|0],0,0.7,AEG460_300,,,100,45,0,80,130,100,100,255,255,255,255,255,255,0,2,0,0,0,80,0,40,-1,-1,0,0,[0|0|0],,
2098,,110,1,5,0,[0|0],0,1,AEG460_089,,,100,30,0,65,100,95,80,255,255,255,255,255,255,0,1,0,0,0,80,0,40,-1,-1,0,0,[0|0|0],,AEG461_089
2100,,310,1,5,0,[0|0],0,1,AEG460_090,,,100,45,0,90,110,90,115,255,255,255,255,255,255,0,2,0,0,0,80,0,40,-1,-1,0,0,[0|0|0],,AEG461_090
2101,,310,1,5,0,[0|0],0,1,AEG460_094,,,100,45,0,90,110,50,115,255,255,255,255,255,255,0,2,0,0,0,80,0,40,-1,-1,0,0,[0|0|0],,AEG461_094
2102,,310,1,5,0,[0|0],0,0.5,AEG460_091,,,100,45,0,90,110,90,115,155,155,155,255,255,255,0,2,0,0,0,80,0,40,-1,-1,0,0,[0|0|0],,AEG461_091
2103,,310,1,5,0,[0|0],0,0.4,AEG460_093,,,100,45,0,90,110,90,115,255,255,255,255,255,255,0,2,0,0,0,80,0,40,-1,-1,0,0,[0|0|0],,AEG461_093
2104,,310,1,5,0,[0|0],0,0.4,AEG460_092,,,100,45,0,90,110,90,115,255,255,255,255,255,255,0,2,0,0,0,80,0,40,-1,-1,0,0,[0|0|0],,AEG461_092
2105,,310,1,5,0,[0|0],0,0.4,AEG460_095,,,100,45,0,90,110,90,115,255,255,255,255,255,255,0,2,0,0,0,80,0,40,-1,-1,0,0,[0|0|0],,AEG461_095
2106,,310,1,5,0,[0|0],0,1,AEG460_096,,,100,45,0,90,110,90,115,255,255,255,255,255,255,0,2,0,0,0,80,0,40,-1,-1,0,0,[0|0|0],,AEG461_096
2107,,310,1,5,0,[0|0],0,1,AEG460_097,,,100,45,0,90,110,90,115,255,255,255,255,255,255,0,2,0,0,0,80,0,40,-1,-1,0,0,[0|0|0],,AEG461_097
2108,,310,1,5,0,[0|0],0,1,AEG460_098,,,100,45,0,90,110,90,115,255,255,255,255,255,255,0,2,0,0,0,80,0,40,-1,-1,0,0,[0|0|0],,AEG461_098
2120,,10,1,5,0,[0|0],0,1,AEG460_200,,,0,0,0,60,120,60,120,255,255,255,255,255,255,0,2,0,0,0,0,0,0,-1,-1,0,0,[0|0|0],,AEG461_200
2150,,0,1,0,0,[0|0],0,4,AEG460_550,,,100,45,0,75,125,90,130,255,255,255,255,255,255,0,2,0,0,0,80,0,40,-1,-1,0,0,[0|0|0],,
2151,,10,1,1,0,[0|0],0,0.1,AEG460_551,,,0,0,0,100,100,100,100,255,255,255,255,255,255,0,2,0,0,0,80,0,40,-1,-1,0,0,[0|0|0],,
2152,,10,1,1,0,[0|0],0,1,AEG460_552,AET440_439_a,,90,30,0,85,110,75,150,255,255,255,255,255,255,0,2,0,0,0,80,0,40,-1,-1,0,0,[0|0|0],,
2153,,0,1,0,0,[0|0],0,5,AEG460_553,AET440_440_a,,100,45,0,75,150,75,150,255,255,255,255,255,255,0,2,0,0,0,80,0,40,-1,-1,0,0,[0|0|0],,
2200,,310,1,5,0,[0|0],0,1.5,AEG460_108,,,90,30,0,85,100,70,120,50,150,255,255,255,255,0,2,0,0,0,80,0,40,-1,-1,0,0,[0|0|0],,AEG461_108
2201,,310,1,5,0,[0|0],0,1,AEG460_100,,,100,45,0,85,110,60,100,255,210,255,255,255,255,0,2,0,0,0,80,0,40,-1,-1,0,0,[0|0|0],,AEG461_100
2202,,310,1,5,0,[0|0],0,1,AEG460_101,,,90,10,0,90,120,80,100,255,255,255,255,255,255,0,2,0,0,0,80,0,40,-1,-1,0,0,[0|0|0],,AEG461_101
2220,,314,1,5,0,[0|0],0,0.8,AEG460_110,,,90,30,0,90,110,55,120,100,100,100,255,255,255,0,2,0,0,0,80,0,40,0,10,0,0,[0|0|0],,AEG461_001
2221,,320,1,0,0,[0|0],0,0.4,AEG460_112,,,90,10,0,90,120,90,120,255,255,255,255,255,255,0,2,0,0,0,80,0,40,-1,-1,0,0,[0|0|0],,
2500,,10,1,0,0,[0|0],0,1,AEG460_500,,,90,30,0,85,115,85,115,255,255,255,255,255,255,0,2,0,0,0,80,0,40,-1,-1,0,0,[0|0|0],,
2501,,10,1,0,0,[0|0],0,1,AEG460_501,,,90,30,0,85,115,85,115,255,255,255,255,255,255,0,2,0,0,0,80,0,40,-1,-1,0,0,[0|0|0],,
2502,,310,1,0,0,[0|0],0,1,AEG460_502,,,90,30,0,85,115,85,115,255,255,255,255,255,255,0,2,0,0,0,80,0,40,-1,-1,0,0,[0|0|0],,
2503,,310,1,0,0,[0|0],0,1,AEG460_503,,,90,30,0,85,115,85,115,255,255,255,255,255,255,0,2,0,0,0,80,0,40,-1,-1,0,0,[0|0|0],,
2504,,310,1,0,0,[0|0],0,1,AEG460_504,,,90,30,0,85,115,85,115,255,255,255,255,255,255,0,2,0,0,0,80,0,40,-1,-1,0,0,[0|0|0],,
2505,,10,1,0,0,[0|0],0,1,AEG460_505,,,90,30,0,85,115,85,115,255,255,255,255,255,255,0,2,0,0,0,80,0,40,-1,-1,0,0,[0|0|0],,
2506,,10,1,0,0,[0|0],0,1,AEG460_506,,,90,30,0,85,115,85,115,255,255,255,255,255,255,0,2,0,0,0,80,0,40,-1,-1,0,0,[0|0|0],,
2507,,10,1,0,0,[0|0],0,1,AEG460_507,,,90,30,0,85,115,85,115,255,255,255,255,255,255,0,2,0,0,0,80,0,40,-1,-1,0,0,[0|0|0],,
2510,,0,1,0,0,[0|0],0,5,AEG460_510,,,100,45,0,75,150,75,150,255,255,255,255,255,255,0,2,0,0,0,80,0,40,-1,-1,0,0,[0|0|0],,
2511,,0,1,0,0,[0|0],0,5,AEG460_511,,,100,45,0,75,150,75,150,255,255,255,255,255,255,0,2,0,0,0,80,0,40,-1,-1,0,0,[0|0|0],,
2600,,0,1,0,0,[0|0],0,1,AEG460_600,,,100,30,5,65,100,65,100,255,255,255,255,255,255,0,2,0,0,0,80,0,40,-1,-1,0,0,[0|0|0],,
2601,,310,1,5,0,[0|0],0,1,AEG460_602,,,90,30,0,90,110,55,120,175,155,125,255,255,255,0,2,0,0,0,80,0,40,-1,-1,0,0,[0|0|0],,
2602,,311,1,0,0,[0|0],0,1,AEG460_603,,,90,30,0,60,110,20,105,175,155,125,255,255,255,0,2,0,0,0,80,0,40,-1,-1,0,0,[0|0|0],,
2603,,310,1,5,0,[0|0],0,1,AEG460_604,,,90,30,0,90,110,55,120,175,180,100,255,255,255,0,2,0,0,0,80,0,40,-1,-1,0,0,[0|0|0],,
2604,,310,1,5,0,[0|0],0,1,AEG460_605,,,90,30,0,90,110,55,120,175,155,125,255,255,255,0,2,0,0,0,80,0,40,-1,-1,0,0,[0|0|0],,
2605,,4,1,5,0,[0|0],0,0.1,AEG460_606,,,100,30,0,65,100,65,100,255,255,255,255,255,255,0,2,0,0,0,80,0,40,-1,-1,0,0,[0|0|0],,AEG460_606
2606,,0,1,0,0,[0|0],0,1.5,AEG460_607,,,100,30,0,65,100,100,100,255,255,255,255,255,255,0,2,0,0,0,80,0,40,-1,-1,0,0,[0|0|0],,
2607,,0,1,0,0,[0|0],0,1.5,AEG460_608,,,0,30,0,100,100,100,100,255,255,255,255,255,255,0,2,0,0,0,80,0,40,-1,-1,0,0,[0|0|0],,
2609,,310,1,5,0,[0|0],0,1,AEG460_609,,,90,30,0,90,110,55,120,175,155,125,255,255,255,0,2,0,0,0,80,0,40,-1,-1,0,0,[0|0|0],,
2610,,0,1,2,0,[0|0],0,0.5,AEG460_610,AET005_031_a,AET005_031_a,100,45,0,65,100,95,80,255,255,255,255,255,255,0,1,0,0,0,80,0,40,-1,0,0,0,[0|0|0],,
2611,,0,1,0,0,[0|0],0,1,AEG460_611,,,100,30,5,65,100,65,100,255,255,255,255,255,255,0,2,0,0,0,80,0,40,-1,-1,0,0,[0|0|0],,
2612,,0,1,2,0,[0|0],0,0.5,AEG460_612,AET005_031_a,AET005_031_a,100,45,0,65,100,95,80,255,255,255,255,255,255,0,1,0,0,0,80,0,40,-1,0,0,0,[0|0|0],,
2800,,10,1,5,0,[0|0],0,1,AEG460_800,,,90,30,0,60,100,70,100,255,255,255,255,255,255,0,2,0,0,0,0,0,0,-1,-1,0,0,[0|0|0],,AEG461_800
2801,,10,1,0,0,[0|0],0,1,AEG460_801,,,90,30,0,85,115,85,115,255,255,255,255,255,255,0,2,0,0,0,0,0,0,-1,-1,0,0,[0|0|0],,
2802,,10,1,0,0,[0|0],0,1,AEG460_802,,,90,30,0,60,120,85,110,255,255,255,255,255,255,0,2,0,0,0,0,0,0,-1,-1,0,0,[0|0|0],,
2803,,310,1,0,0,[0|0],0,1,AEG460_803,,,0,0,0,60,120,60,120,255,255,255,255,255,255,0,2,0,0,0,0,0,0,-1,-1,0,0,[0|0|0],,
2804,,10,1,5,0,[0|0],0,2,AEG460_804,,,90,30,0,80,110,80,110,255,255,255,255,255,255,0,2,0,0,0,0,0,0,-1,-1,0,0,[0|0|0],,AEG461_804
2805,,310,1,0,0,[0|0],0,1.2,AEG460_805,,,90,30,0,80,110,80,110,255,255,255,255,255,255,0,2,0,0,0,0,0,0,-1,-1,0,0,[0|0|0],,
2999,,10,1,0,0,[0|0],0,1,,,,90,30,0,85,115,85,115,255,255,255,255,255,255,0,2,0,0,0,80,0,40,-1,-1,0,0,[0|0|0],,
